time_s,target_speed_kts,airspeed_kts,altitude_target_ft,altitude_agl_ft,climb_rate_ft_min,heading_reference_deg,heading_deg,pitch_deg,roll_deg,yaw_deg,latitude,longitude,collective_deg,torque,pitch_vacuum_deg,roll_vacuum_deg,yoke_pitch,yoke_roll,yoke_yaw,prop_ratio,mass_fixed_kg,mass_fuel_kg,cg,pitch_cmd,roll_cmd,yaw_cmd,initial_latitude,initial_longitude
0.007124423980712891,50.125,57.9256477355957,4500.0,13593.03071430036,-10655.641180323802,119.66765594482422,119.66765594482422,-37.41222381591797,163.4845733642578,107.89978790283203,-34.55400466918945,-58.42498779296875,5.0,4509.3837890625,-24.794713973999023,-79.22573852539062,0.0,0.0,0.0,0.5097780823707581,345.637451171875,33.83946228027344,-0.01252120453864336,0.25,-0.7,0.0,-34.554,-58.425
0.05558323860168457,50.25,57.9256477355957,4500.0,13593.03071430036,-10655.641180323802,119.66765594482422,119.66765594482422,-37.41222381591797,163.4845733642578,107.89978790283203,-34.55400466918945,-58.42498779296875,5.400000095367432,4509.3837890625,-24.794713973999023,-79.22573852539062,0.25,-0.699999988079071,0.0,0.5231114029884338,345.637451171875,33.83946228027344,-0.01252120453864336,0.25,-0.7,0.0,-34.554,-58.425
0.10375642776489258,50.375,57.9256477355957,4500.0,13593.03071430036,-10655.641180323802,119.66765594482422,119.66765594482422,-37.41222381591797,163.4845733642578,107.89978790283203,-34.55400466918945,-58.42498779296875,5.800000190734863,4509.3837890625,-24.794713973999023,-79.22573852539062,0.25,-0.699999988079071,0.0,0.5364447832107544,345.637451171875,33.83946228027344,-0.01252120453864336,0.25,-0.7,0.0,-34.554,-58.425
0.15512609481811523,50.5,57.9256477355957,4500.0,13593.03071430036,-10655.641180323802,119.66765594482422,119.66765594482422,-37.41222381591797,163.4845733642578,107.89978790283203,-34.55400466918945,-58.42498779296875,6.200000286102295,4509.3837890625,-24.794713973999023,-79.22573852539062,0.25,-0.699999988079071,0.0,0.5497781038284302,345.637451171875,33.83946228027344,-0.01252120453864336,0.25,-0.7,0.0,-34.554,-58.425
0.20782113075256348,50.625,57.9256477355957,4500.0,13593.03071430036,-10655.641180323802,119.66765594482422,119.66765594482422,-37.41222381591797,163.4845733642578,107.89978790283203,-34.55400466918945,-58.42498779296875,6.600000381469727,4509.3837890625,-24.794713973999023,-79.22573852539062,0.25,-0.699999988079071,0.0,0.563111424446106,345.637451171875,33.83946228027344,-0.01252120453864336,0.25,-0.7,0.0,-34.554,-58.425
0.2539844512939453,50.75,57.9256477355957,4500.0,13593.03071430036,-10655.641180323802,119.66765594482422,119.66765594482422,-37.41222381591797,163.4845733642578,107.89978790283203,-34.55400466918945,-58.42498779296875,7.000000476837158,4509.3837890625,-24.794713973999023,-79.22573852539062,0.25,-0.699999988079071,0.0,0.5764447450637817,345.637451171875,33.83946228027344,-0.01252120453864336,0.25,-0.7,0.0,-34.554,-58.425
0.3067283630371094,50.875,57.9256477355957,4500.0,13593.03071430036,-10655.641180323802,119.66765594482422,119.66765594482422,-37.41222381591797,163.4845733642578,107.89978790283203,-34.55400466918945,-58.42498779296875,7.40000057220459,4509.3837890625,-24.794713973999023,-79.22573852539062,0.25,-0.699999988079071,0.0,0.5897780656814575,345.637451171875,33.83946228027344,-0.01252120453864336,0.25,-0.7,0.0,-34.554,-58.425
0.3549485206604004,51.0,57.9256477355957,4500.0,13593.03071430036,-10655.641180323802,119.66765594482422,119.66765594482422,-37.41222381591797,163.4845733642578,107.89978790283203,-34.55400466918945,-58.42498779296875,7.8000006675720215,4509.3837890625,-24.794713973999023,-79.22573852539062,0.25,-0.699999988079071,0.0,0.6031115055084229,345.637451171875,33.83946228027344,-0.01252120453864336,0.25,-0.7,0.0,-34.554,-58.425
0.4074127674102783,51.125,57.9256477355957,4500.0,13593.03071430036,-10655.641180323802,119.66765594482422,119.66765594482422,-37.41222381591797,163.4845733642578,107.89978790283203,-34.55400466918945,-58.42498779296875,8.200000762939453,4509.3837890625,-24.794713973999023,-79.22573852539062,0.25,-0.699999988079071,0.0,0.6164448261260986,345.637451171875,33.83946228027344,-0.01252120453864336,0.25,-0.7,0.0,-34.554,-58.425
0.45464205741882324,51.25,57.9256477355957,4500.0,13593.03071430036,-10655.641180323802,119.66765594482422,119.66765594482422,-37.41222381591797,163.4845733642578,107.89978790283203,-34.55400466918945,-58.42498779296875,8.600000381469727,4509.3837890625,-24.794713973999023,-79.22573852539062,0.25,-0.699999988079071,0.0,0.6297781467437744,345.637451171875,33.83946228027344,-0.01252120453864336,0.25,-0.7,0.0,-34.554,-58.425
0.5085391998291016,51.375,57.9256477355957,4500.0,13593.03071430036,-10655.641180323802,119.66765594482422,119.66765594482422,-37.41222381591797,163.4845733642578,107.89978790283203,-34.55400466918945,-58.42498779296875,9.0,4509.3837890625,-24.794713973999023,-79.22573852539062,0.25,-0.699999988079071,0.0,0.6431114673614502,345.637451171875,33.83946228027344,-0.01252120453864336,0.25,-0.7,0.0,-34.554,-58.425
0.5569236278533936,51.5,57.9256477355957,4500.0,13593.03071430036,-10655.641180323802,119.66765594482422,119.66765594482422,-37.41222381591797,163.4845733642578,107.89978790283203,-34.55400466918945,-58.42498779296875,9.399999618530273,4509.3837890625,-24.794713973999023,-79.22573852539062,0.25,-0.699999988079071,0.0,0.656444787979126,345.637451171875,33.83946228027344,-0.01252120453864336,0.25,-0.7,0.0,-34.554,-58.425
0.6063554286956787,51.625,57.9256477355957,4500.0,13593.03071430036,-10655.641180323802,119.66765594482422,119.66765594482422,-37.41222381591797,163.4845733642578,107.89978790283203,-34.55400466918945,-58.42498779296875,9.799999237060547,4509.3837890625,-24.794713973999023,-79.22573852539062,0.25,-0.699999988079071,0.0,0.6697781085968018,345.637451171875,33.83946228027344,-0.01252120453864336,0.25,-0.7,0.0,-34.554,-58.425
0.6603009700775146,51.75,57.9256477355957,4500.0,13593.03071430036,-10655.641180323802,119.66765594482422,119.66765594482422,-37.41222381591797,163.4845733642578,107.89978790283203,-34.55400466918945,-58.42498779296875,10.19999885559082,4509.3837890625,-24.794713973999023,-79.22573852539062,0.25,-0.699999988079071,0.0,0.6831114292144775,345.637451171875,33.83946228027344,-0.01252120453864336,0.25,-0.7,0.0,-34.554,-58.425
0.7076284885406494,51.875,57.9256477355957,4500.0,13593.03071430036,-10655.641180323802,119.66765594482422,119.66765594482422,-37.41222381591797,163.4845733642578,107.89978790283203,-34.55400466918945,-58.42498779296875,10.599998474121094,4509.3837890625,-24.794713973999023,-79.22573852539062,0.25,-0.699999988079071,0.0,0.6964447498321533,345.637451171875,33.83946228027344,-0.01252120453864336,0.25,-0.7,0.0,-34.554,-58.425
0.7610867023468018,52.0,57.9256477355957,4500.0,13593.03071430036,-10655.641180323802,119.66765594482422,119.66765594482422,-37.41222381591797,163.4845733642578,107.89978790283203,-34.55400466918945,-58.42498779296875,10.999998092651367,4509.3837890625,-24.794713973999023,-79.22573852539062,0.25,-0.699999988079071,0.0,0.7097780704498291,345.637451171875,33.83946228027344,-0.01252120453864336,0.25,-0.7,0.0,-34.554,-58.425
0.8082306385040283,52.125,57.9256477355957,4500.0,13593.03071430036,-10655.641180323802,119.66765594482422,119.66765594482422,-37.41222381591797,163.4845733642578,107.89978790283203,-34.55400466918945,-58.42498779296875,11.0,4509.3837890625,-24.794713973999023,-79.22573852539062,0.25,-0.699999988079071,0.0,0.7097780704498291,345.637451171875,33.83946228027344,-0.01252120453864336,0.25,-0.7,0.0,-34.554,-58.425
0.8608427047729492,52.25,57.9256477355957,4500.0,13593.03071430036,-10655.641180323802,119.66765594482422,119.66765594482422,-37.41222381591797,163.4845733642578,107.89978790283203,-34.55400466918945,-58.42498779296875,11.0,4509.3837890625,-24.794713973999023,-79.22573852539062,0.25,-0.699999988079071,0.0,0.7097780704498291,345.637451171875,33.83946228027344,-0.01252120453864336,0.25,-0.7,0.0,-34.554,-58.425
0.9086883068084717,52.375,57.9256477355957,4500.0,13593.03071430036,-10655.641180323802,119.66765594482422,119.66765594482422,-37.41222381591797,163.4845733642578,107.89978790283203,-34.55400466918945,-58.42498779296875,11.0,4509.3837890625,-24.794713973999023,-79.22573852539062,0.25,-0.699999988079071,0.0,0.7097780704498291,345.637451171875,33.83946228027344,-0.01252120453864336,0.25,-0.7,0.0,-34.554,-58.425
0.9600539207458496,52.5,57.9256477355957,4500.0,13593.03071430036,-10655.641180323802,119.66765594482422,119.66765594482422,-37.41222381591797,163.4845733642578,107.89978790283203,-34.55400466918945,-58.42498779296875,11.0,4509.3837890625,-24.794713973999023,-79.22573852539062,0.25,-0.699999988079071,0.0,0.7097780704498291,345.637451171875,33.83946228027344,-0.01252120453864336,0.25,-0.7,0.0,-34.554,-58.425
1.0129196643829346,52.625,57.9256477355957,4500.0,13593.03071430036,-10655.641180323802,119.66765594482422,119.66765594482422,-37.41222381591797,163.4845733642578,107.89978790283203,-34.55400466918945,-58.42498779296875,11.0,4509.3837890625,-24.794713973999023,-79.22573852539062,0.25,-0.699999988079071,0.0,0.7097780704498291,345.637451171875,33.83946228027344,-0.01252120453864336,0.25,-0.7,0.0,-34.554,-58.425
1.0585601329803467,52.75,57.9256477355957,4500.0,13593.03071430036,-10655.641180323802,119.66765594482422,119.66765594482422,-37.41222381591797,163.4845733642578,107.89978790283203,-34.55400466918945,-58.42498779296875,11.0,4509.3837890625,-24.794713973999023,-79.22573852539062,0.25,-0.699999988079071,0.0,0.7097780704498291,345.637451171875,33.83946228027344,-0.01252120453864336,0.25,-0.7,0.0,-34.554,-58.425
1.1097939014434814,52.875,57.9256477355957,4500.0,13593.03071430036,-10655.641180323802,119.66765594482422,119.66765594482422,-37.41222381591797,163.4845733642578,107.89978790283203,-34.55400466918945,-58.42498779296875,11.0,4509.3837890625,-24.794713973999023,-79.22573852539062,0.25,-0.699999988079071,0.0,0.7097780704498291,345.637451171875,33.83946228027344,-0.01252120453864336,0.25,-0.7,0.0,-34.554,-58.425
1.1591851711273193,53.0,57.9256477355957,4500.0,13593.03071430036,-10655.641180323802,119.66765594482422,119.66765594482422,-37.41222381591797,163.4845733642578,107.89978790283203,-34.55400466918945,-58.42498779296875,11.0,4509.3837890625,-24.794713973999023,-79.22573852539062,0.25,-0.699999988079071,0.0,0.7097780704498291,345.637451171875,33.83946228027344,-0.01252120453864336,0.25,-0.7,0.0,-34.554,-58.425
1.2111077308654785,53.125,57.9256477355957,4500.0,13593.03071430036,-10655.641180323802,119.66765594482422,119.66765594482422,-37.41222381591797,163.4845733642578,107.89978790283203,-34.55400466918945,-58.42498779296875,11.0,4509.3837890625,-24.794713973999023,-79.22573852539062,0.25,-0.699999988079071,0.0,0.7097780704498291,345.637451171875,33.83946228027344,-0.01252120453864336,0.25,-0.7,0.0,-34.554,-58.425
1.2655625343322754,53.25,57.9256477355957,4500.0,13593.03071430036,-10655.641180323802,119.66765594482422,119.66765594482422,-37.41222381591797,163.4845733642578,107.89978790283203,-34.55400466918945,-58.42498779296875,11.0,4509.3837890625,-24.794713973999023,-79.22573852539062,0.25,-0.699999988079071,0.0,0.7097780704498291,345.637451171875,33.83946228027344,-0.01252120453864336,0.25,-0.7,0.0,-34.554,-58.425
1.3120601177215576,53.375,57.9256477355957,4500.0,13593.03071430036,-10655.641180323802,119.66765594482422,119.66765594482422,-37.41222381591797,163.4845733642578,107.89978790283203,-34.55400466918945,-58.42498779296875,11.0,4509.3837890625,-24.794713973999023,-79.22573852539062,0.25,-0.699999988079071,0.0,0.7097780704498291,345.637451171875,33.83946228027344,-0.01252120453864336,0.25,-0.7,0.0,-34.554,-58.425
1.3596994876861572,53.5,57.9256477355957,4500.0,13593.03071430036,-10655.641180323802,119.66765594482422,119.66765594482422,-37.41222381591797,163.4845733642578,107.89978790283203,-34.55400466918945,-58.42498779296875,11.0,4509.3837890625,-24.794713973999023,-79.22573852539062,0.25,-0.699999988079071,0.0,0.7097780704498291,345.637451171875,33.83946228027344,-0.01252120453864336,0.25,-0.7,0.0,-34.554,-58.425
1.4112117290496826,53.625,57.9256477355957,4500.0,13593.03071430036,-10655.641180323802,119.66765594482422,119.66765594482422,-37.41222381591797,163.4845733642578,107.89978790283203,-34.55400466918945,-58.42498779296875,11.0,4509.3837890625,-24.794713973999023,-79.22573852539062,0.25,-0.699999988079071,0.0,0.7097780704498291,345.637451171875,33.83946228027344,-0.01252120453864336,0.25,-0.7,0.0,-34.554,-58.425
1.4640319347381592,53.75,57.9256477355957,4500.0,13593.03071430036,-10655.641180323802,119.66765594482422,119.66765594482422,-37.41222381591797,163.4845733642578,107.89978790283203,-34.55400466918945,-58.42498779296875,11.0,4509.3837890625,-24.794713973999023,-79.22573852539062,0.25,-0.699999988079071,0.0,0.7097780704498291,345.637451171875,33.83946228027344,-0.01252120453864336,0.25,-0.7,0.0,-34.554,-58.425
1.5109782218933105,53.875,57.9256477355957,4500.0,13593.03071430036,-10655.641180323802,119.66765594482422,119.66765594482422,-37.41222381591797,163.4845733642578,107.89978790283203,-34.55400466918945,-58.42498779296875,11.0,4509.3837890625,-24.794713973999023,-79.22573852539062,0.25,-0.699999988079071,0.0,0.7097780704498291,345.637451171875,33.83946228027344,-0.01252120453864336,0.25,-0.7,0.0,-34.554,-58.425
1.5634725093841553,54.0,57.9256477355957,4500.0,13593.03071430036,-10655.641180323802,119.66765594482422,119.66765594482422,-37.41222381591797,163.4845733642578,107.89978790283203,-34.55400466918945,-58.42498779296875,11.0,4509.3837890625,-24.794713973999023,-79.22573852539062,0.25,-0.699999988079071,0.0,0.7097780704498291,345.637451171875,33.83946228027344,-0.01252120453864336,0.24161742063858938,-0.7,0.0,-34.554,-58.425
1.6112957000732422,54.125,57.9256477355957,4500.0,13593.03071430036,-10655.641180323802,119.66765594482422,119.66765594482422,-37.41222381591797,163.4845733642578,107.89978790283203,-34.55400466918945,-58.42498779296875,11.0,4509.3837890625,-24.794713973999023,-79.22573852539062,0.24161742627620697,-0.699999988079071,0.0,0.7097780704498291,345.637451171875,33.83946228027344,-0.01252120453864336,0.24161742063858938,-0.7,0.0,-34.554,-58.425
1.6652090549468994,54.25,57.9256477355957,4500.0,13593.03071430036,-10655.641180323802,119.66765594482422,119.66765594482422,-37.41222381591797,163.4845733642578,107.89978790283203,-34.55400466918945,-58.42498779296875,11.0,4509.3837890625,-24.794713973999023,-79.22573852539062,0.24161742627620697,-0.699999988079071,0.0,0.7097780704498291,345.637451171875,33.83946228027344,-0.01252120453864336,0.23098715280408336,-0.7,0.0,-34.554,-58.425
1.7123363018035889,54.375,57.9256477355957,4500.0,13593.03071430036,-10655.641180323802,119.66765594482422,119.66765594482422,-37.41222381591797,163.4845733642578,107.89978790283203,-34.55400466918945,-58.42498779296875,11.0,4509.3837890625,-24.794713973999023,-79.22573852539062,0.23098714649677277,-0.699999988079071,0.0,0.7097780704498291,345.637451171875,33.83946228027344,-0.01252120453864336,0.23098715280408336,-0.7,0.0,-34.554,-58.425
1.765465497970581,54.5,57.9256477355957,4500.0,13593.03071430036,-10655.641180323802,119.66765594482422,119.66765594482422,-37.41222381591797,163.4845733642578,107.89978790283203,-34.55400466918945,-58.42498779296875,11.0,4509.3837890625,-24.794713973999023,-79.22573852539062,0.23098714649677277,-0.699999988079071,0.0,0.7097780704498291,345.637451171875,33.83946228027344,-0.01252120453864336,0.22020437006525592,-0.7,0.0,-34.554,-58.425
1.8174409866333008,54.625,57.9256477355957,4500.0,13593.03071430036,-10655.641180323802,119.66765594482422,119.66765594482422,-37.41222381591797,163.4845733642578,107.89978790283203,-34.55400466918945,-58.42498779296875,11.0,4509.3837890625,-24.794713973999023,-79.22573852539062,0.22020436823368073,-0.699999988079071,0.0,0.7097780704498291,345.637451171875,33.83946228027344,-0.01252120453864336,0.21481213579771768,-0.7,0.0,-34.554,-58.425
1.8664348125457764,54.75,57.9256477355957,4500.0,13593.03071430036,-10655.641180323802,119.66765594482422,119.66765594482422,-37.41222381591797,163.4845733642578,107.89978790283203,-34.55400466918945,-58.42498779296875,11.0,4509.3837890625,-24.794713973999023,-79.22573852539062,0.21481212973594666,-0.699999988079071,0.0,0.7097780704498291,345.637451171875,33.83946228027344,-0.01252120453864336,0.21481213579771768,-0.7,0.0,-34.554,-58.425
1.915360450744629,54.875,57.9256477355957,4500.0,13593.03071430036,-10655.641180323802,119.66765594482422,119.66765594482422,-37.41222381591797,163.4845733642578,107.89978790283203,-34.55400466918945,-58.42498779296875,11.0,4509.3837890625,-24.794713973999023,-79.22573852539062,0.21481212973594666,-0.699999988079071,0.0,0.7097780704498291,345.637451171875,33.83946228027344,-0.01252120453864336,0.20380572835306135,-0.7,0.0,-34.554,-58.425
1.9669089317321777,55.0,57.9256477355957,4500.0,13593.03071430036,-10655.641180323802,119.66765594482422,119.66765594482422,-37.41222381591797,163.4845733642578,107.89978790283203,-34.55400466918945,-58.42498779296875,11.0,4509.3837890625,-24.794713973999023,-79.22573852539062,0.20380572974681854,-0.699999988079071,0.0,0.7097780704498291,345.637451171875,33.83946228027344,-0.01252120453864336,0.19830978041176117,-0.7,0.0,-34.554,-58.425
2.014650583267212,55.125,57.9256477355957,4500.0,13593.03071430036,-10655.641180323802,119.66765594482422,119.66765594482422,-37.41222381591797,163.4845733642578,107.89978790283203,-34.55400466918945,-58.42498779296875,11.0,4509.3837890625,-24.794713973999023,-79.22573852539062,0.1983097791671753,-0.699999988079071,0.0,0.7097780704498291,345.637451171875,33.83946228027344,-0.01252120453864336,0.19830978041176117,-0.7,0.0,-34.554,-58.425
2.06912899017334,55.25,57.9256477355957,4500.0,13593.03071430036,-10655.641180323802,119.66765594482422,119.66765594482422,-37.41222381591797,163.4845733642578,107.89978790283203,-34.55400466918945,-58.42498779296875,11.0,4509.3837890625,-24.794713973999023,-79.22573852539062,0.1983097791671753,-0.699999988079071,0.0,0.7097780704498291,345.637451171875,33.83946228027344,-0.01252120453864336,0.18717730530726714,-0.7,0.0,-34.554,-58.425
2.118361711502075,55.375,57.9256477355957,4500.0,13593.03071430036,-10655.641180323802,119.66765594482422,119.66765594482422,-37.41222381591797,163.4845733642578,107.89978790283203,-34.55400466918945,-58.42498779296875,11.0,4509.3837890625,-24.794713973999023,-79.22573852539062,0.18717730045318604,-0.699999988079071,0.0,0.7097780704498291,345.637451171875,33.83946228027344,-0.01252120453864336,0.18717730530726714,-0.7,0.0,-34.554,-58.425
2.1723062992095947,55.5,57.9256477355957,4500.0,13593.03071430036,-10655.641180323802,119.66765594482422,119.66765594482422,-37.41222381591797,163.4845733642578,107.89978790283203,-34.55400466918945,-58.42498779296875,11.0,4509.3837890625,-24.794713973999023,-79.22573852539062,0.18717730045318604,-0.699999988079071,0.0,0.7097780704498291,345.637451171875,33.83946228027344,-0.01252120453864336,0.17592867393029898,-0.7,0.0,-34.554,-58.425
2.21944522857666,55.625,57.9256477355957,4500.0,13593.03071430036,-10655.641180323802,119.66765594482422,119.66765594482422,-37.41222381591797,163.4845733642578,107.89978790283203,-34.55400466918945,-58.42498779296875,11.0,4509.3837890625,-24.794713973999023,-79.22573852539062,0.17592866718769073,-0.699999988079071,0.0,0.7097780704498291,345.637451171875,33.83946228027344,-0.01252120453864336,0.17592867393029898,-0.7,0.0,-34.554,-58.425
2.2669758796691895,55.75,57.9256477355957,4500.0,13593.03071430036,-10655.641180323802,119.66765594482422,119.66765594482422,-37.41222381591797,163.4845733642578,107.89978790283203,-34.55400466918945,-58.42498779296875,11.0,4509.3837890625,-24.794713973999023,-79.22573852539062,0.17592866718769073,-0.699999988079071,0.0,0.7097780704498291,345.637451171875,33.83946228027344,-0.01252120453864336,0.16445851134700454,-0.7,0.0,-34.554,-58.425
2.3201632499694824,55.875,57.9256477355957,4500.0,13593.03071430036,-10655.641180323802,119.66765594482422,119.66765594482422,-37.41222381591797,163.4845733642578,107.89978790283203,-34.55400466918945,-58.42498779296875,11.0,4509.3837890625,-24.794713973999023,-79.22573852539062,0.1644585132598877,-0.699999988079071,0.0,0.7097780704498291,345.637451171875,33.83946228027344,-0.01252120453864336,0.15875384932706577,-0.7,0.0,-34.554,-58.425
2.3719234466552734,56.0,57.9256477355957,4500.0,13593.03071430036,-10655.641180323802,119.66765594482422,119.66765594482422,-37.41222381591797,163.4845733642578,107.89978790283203,-34.55400466918945,-58.42498779296875,11.0,4509.3837890625,-24.794713973999023,-79.22573852539062,0.15875384211540222,-0.699999988079071,0.0,0.7097780704498291,345.637451171875,33.83946228027344,-0.01252120453864336,0.1530022069610582,-0.7,0.0,-34.554,-58.425
2.4192914962768555,56.125,57.9256477355957,4500.0,13593.03071430036,-10655.641180323802,119.66765594482422,119.66765594482422,-37.41222381591797,163.4845733642578,107.89978790283203,-34.55400466918945,-58.42498779296875,11.0,4509.3837890625,-24.794713973999023,-79.22573852539062,0.15300220251083374,-0.699999988079071,0.0,0.7097780704498291,345.637451171875,33.83946228027344,-0.01252120453864336,0.1530022069610582,-0.7,0.0,-34.554,-58.425
2.473691463470459,56.25,57.9256477355957,4500.0,13593.03071430036,-10655.641180323802,119.66765594482422,119.66765594482422,-37.41222381591797,163.4845733642578,107.89978790283203,-34.55400466918945,-58.42498779296875,11.0,4509.3837890625,-24.794713973999023,-79.22573852539062,0.15300220251083374,-0.699999988079071,0.0,0.7097780704498291,345.637451171875,33.83946228027344,-0.01252120453864336,0.14135484690634637,-0.7,0.0,-34.554,-58.425
2.5206897258758545,56.375,57.9256477355957,4500.0,13593.03071430036,-10655.641180323802,119.66765594482422,119.66765594482422,-37.41222381591797,163.4845733642578,107.89978790283203,-34.55400466918945,-58.42498779296875,11.0,4509.3837890625,-24.794713973999023,-79.22573852539062,0.14135484397411346,-0.699999988079071,0.0,0.7097780704498291,345.637451171875,33.83946228027344,-0.01252120453864336,0.14135484690634637,-0.7,0.0,-34.554,-58.425
2.5749597549438477,56.5,57.9256477355957,4500.0,13593.03071430036,-10655.641180323802,119.66765594482422,119.66765594482422,-37.41222381591797,163.4845733642578,107.89978790283203,-34.55400466918945,-58.42498779296875,11.0,4509.3837890625,-24.794713973999023,-79.22573852539062,0.14135484397411346,-0.699999988079071,0.0,0.7097780704498291,345.637451171875,33.83946228027344,-0.01252120453864336,0.12957671722169217,-0.7,0.0,-34.554,-58.425
2.621779441833496,56.625,57.9256477355957,4500.0,13593.03071430036,-10655.641180323802,119.66765594482422,119.66765594482422,-37.41222381591797,163.4845733642578,107.89978790283203,-34.55400466918945,-58.42498779296875,11.0,4509.3837890625,-24.794713973999023,-79.22573852539062,0.12957671284675598,-0.699999988079071,0.0,0.7097780704498291,345.637451171875,33.83946228027344,-0.01252120453864336,0.12957671722169217,-0.7,0.0,-34.554,-58.425
2.6687850952148438,56.75,57.9256477355957,4500.0,13593.03071430036,-10655.641180323802,119.66765594482422,119.66765594482422,-37.41222381591797,163.4845733642578,107.89978790283203,-34.55400466918945,-58.42498779296875,11.0,4509.3837890625,-24.794713973999023,-79.22573852539062,0.12957671284675598,-0.699999988079071,0.0,0.7097780704498291,345.637451171875,33.83946228027344,-0.01252120453864336,0.11762844694065555,-0.7,0.0,-34.554,-58.425
2.7226502895355225,56.875,57.9256477355957,4500.0,13593.03071430036,-10655.641180323802,119.66765594482422,119.66765594482422,-37.41222381591797,163.4845733642578,107.89978790283203,-34.55400466918945,-58.42498779296875,11.0,4509.3837890625,-24.794713973999023,-79.22573852539062,0.11762844771146774,-0.699999988079071,0.0,0.7097780704498291,345.637451171875,33.83946228027344,-0.01252120453864336,0.11166122982929345,-0.7,0.0,-34.554,-58.425
2.7718591690063477,57.0,57.9256477355957,4500.0,13593.03071430036,-10655.641180323802,119.66765594482422,119.66765594482422,-37.41222381591797,163.4845733642578,107.89978790283203,-34.55400466918945,-58.42498779296875,11.0,4509.3837890625,-24.794713973999023,-79.22573852539062,0.11166123300790787,-0.699999988079071,0.0,0.7097780704498291,345.637451171875,33.83946228027344,-0.01252120453864336,0.11166122982929345,-0.7,0.0,-34.554,-58.425
2.8230433464050293,57.125,57.9256477355957,4500.0,13593.03071430036,-10655.641180323802,119.66765594482422,119.66765594482422,-37.41222381591797,163.4845733642578,107.89978790283203,-34.55400466918945,-58.42498779296875,11.0,4509.3837890625,-24.794713973999023,-79.22573852539062,0.11166123300790787,-0.699999988079071,0.0,0.7097780704498291,345.637451171875,33.83946228027344,-0.01252120453864336,0.09956312656956731,-0.7,0.0,-34.554,-58.425
2.87312912940979,57.25,57.9256477355957,4500.0,13593.03071430036,-10655.641180323802,119.66765594482422,119.66765594482422,-37.41222381591797,163.4845733642578,107.89978790283203,-34.55400466918945,-58.42498779296875,11.0,4509.3837890625,-24.794713973999023,-79.22573852539062,0.0995631292462349,-0.699999988079071,0.0,0.7097780704498291,345.637451171875,33.83946228027344,-0.01252120453864336,0.09348233004548173,-0.7,0.0,-34.554,-58.425
2.9241394996643066,57.375,57.9256477355957,4500.0,13593.03071430036,-10655.641180323802,119.66765594482422,119.66765594482422,-37.41222381591797,163.4845733642578,107.89978790283203,-34.55400466918945,-58.42498779296875,11.0,4509.3837890625,-24.794713973999023,-79.22573852539062,0.09348233044147491,-0.699999988079071,0.0,0.7097780704498291,345.637451171875,33.83946228027344,-0.01252120453864336,0.08737277192445538,-0.7,0.0,-34.554,-58.425
2.9726932048797607,57.5,57.9256477355957,4500.0,13593.03071430036,-10655.641180323802,119.66765594482422,119.66765594482422,-37.41222381591797,163.4845733642578,107.89978790283203,-34.55400466918945,-58.42498779296875,11.0,4509.3837890625,-24.794713973999023,-79.22573852539062,0.08737277239561081,-0.699999988079071,0.0,0.7097780704498291,345.637451171875,33.83946228027344,-0.01252120453864336,0.08737277192445538,-0.7,0.0,-34.554,-58.425
3.0218594074249268,57.625,57.9256477355957,4500.0,13593.03071430036,-10655.641180323802,119.66765594482422,119.66765594482422,-37.41222381591797,163.4845733642578,107.89978790283203,-34.55400466918945,-58.42498779296875,11.0,4509.3837890625,-24.794713973999023,-79.22573852539062,0.08737277239561081,-0.699999988079071,0.0,0.7097780704498291,345.637451171875,33.83946228027344,-0.01252120453864336,0.07501966900935345,-0.7,0.0,-34.554,-58.425
3.072432279586792,57.75,57.9256477355957,4500.0,13593.03071430036,-10655.641180323802,119.66765594482422,119.66765594482422,-37.41222381591797,163.4845733642578,107.89978790283203,-34.55400466918945,-58.42498779296875,11.0,4509.3837890625,-24.794713973999023,-79.22573852539062,0.07501967251300812,-0.699999988079071,0.0,0.7097780704498291,345.637451171875,33.83946228027344,-0.01252120453864336,0.0688140836470808,-0.7,0.0,-34.554,-58.425
3.1244075298309326,57.875,57.9256477355957,4500.0,13593.03071430036,-10655.641180323802,119.66765594482422,119.66765594482422,-37.41222381591797,163.4845733642578,107.89978790283203,-34.55400466918945,-58.42498779296875,11.0,4509.3837890625,-24.794713973999023,-79.22573852539062,0.06881408393383026,-0.699999988079071,0.0,0.7097780704498291,345.637451171875,33.83946228027344,-0.01252120453864336,0.06257724590463216,-0.7,0.0,-34.554,-58.425
3.172107696533203,58.0,57.9256477355957,4500.0,13593.03071430036,-10655.641180323802,119.66765594482422,119.66765594482422,-37.41222381591797,163.4845733642578,107.89978790283203,-34.55400466918945,-58.42498779296875,11.0,4509.3837890625,-24.794713973999023,-79.22573852539062,0.0625772476196289,-0.699999988079071,0.0,0.7097780704498291,345.637451171875,33.83946228027344,-0.01252120453864336,0.06257724590463216,-0.7,0.0,-34.554,-58.425
3.223656177520752,58.125,57.9256477355957,4500.0,13593.03071430036,-10655.641180323802,119.66765594482422,119.66765594482422,-37.41222381591797,163.4845733642578,107.89978790283203,-34.55400466918945,-58.42498779296875,11.0,4509.3837890625,-24.794713973999023,-79.22573852539062,0.0625772476196289,-0.699999988079071,0.0,0.7097780704498291,345.637451171875,33.83946228027344,-0.01252120453864336,0.04997831893822347,-0.7,0.0,-34.554,-58.425
3.278087854385376,58.25,57.9256477355957,4500.0,13593.03071430036,-10655.641180323802,119.66765594482422,119.66765594482422,-37.41222381591797,163.4845733642578,107.89978790283203,-34.55400466918945,-58.42498779296875,11.0,4509.3837890625,-24.794713973999023,-79.22573852539062,0.04997831955552101,-0.699999988079071,0.0,0.7097780704498291,345.637451171875,33.83946228027344,-0.01252120453864336,0.04364004387464544,-0.7,0.0,-34.554,-58.425
3.3268163204193115,58.375,57.9256477355957,4500.0,13593.03071430036,-10655.641180323802,119.66765594482422,119.66765594482422,-37.41222381591797,163.4845733642578,107.89978790283203,-34.55400466918945,-58.42498779296875,11.0,4509.3837890625,-24.794713973999023,-79.22573852539062,0.04364004358649254,-0.699999988079071,0.0,0.7097780704498291,345.637451171875,33.83946228027344,-0.01252120453864336,0.04364004387464544,-0.7,0.0,-34.554,-58.425
3.3760175704956055,58.5,57.9256477355957,4500.0,13593.03071430036,-10655.641180323802,119.66765594482422,119.66765594482422,-37.41222381591797,163.4845733642578,107.89978790283203,-34.55400466918945,-58.42498779296875,11.0,4509.3837890625,-24.794713973999023,-79.22573852539062,0.04364004358649254,-0.699999988079071,0.0,0.7097780704498291,345.637451171875,33.83946228027344,-0.01252120453864336,0.030858812288411492,-0.7,0.0,-34.554,-58.425
3.425372362136841,58.625,57.9256477355957,4500.0,13593.03071430036,-10655.641180323802,119.66765594482422,119.66765594482422,-37.41222381591797,163.4845733642578,107.89978790283203,-34.55400466918945,-58.42498779296875,11.0,4509.3837890625,-24.794713973999023,-79.22573852539062,0.030858812853693962,-0.699999988079071,0.0,0.7097780704498291,345.637451171875,33.83946228027344,-0.01252120453864336,0.030858812288411492,-0.7,0.0,-34.554,-58.425
3.473832845687866,58.75,57.9256477355957,4500.0,13593.03071430036,-10655.641180323802,119.66765594482422,119.66765594482422,-37.41222381591797,163.4845733642578,107.89978790283203,-34.55400466918945,-58.42498779296875,11.0,4509.3837890625,-24.794713973999023,-79.22573852539062,0.030858812853693962,-0.699999988079071,0.0,0.7097780704498291,345.637451171875,33.83946228027344,-0.01252120453864336,0.017955641792574584,-0.7,0.0,-34.554,-58.425
3.523867130279541,58.875,57.9256477355957,4500.0,13593.03071430036,-10655.641180323802,119.66765594482422,119.66765594482422,-37.41222381591797,163.4845733642578,107.89978790283203,-34.55400466918945,-58.42498779296875,11.0,4509.3837890625,-24.794713973999023,-79.22573852539062,0.017955642193555832,-0.699999988079071,0.0,0.7097780704498291,345.637451171875,33.83946228027344,-0.01252120453864336,0.011468142336520111,-0.7,0.0,-34.554,-58.425
3.573430061340332,59.0,57.9256477355957,4500.0,13593.03071430036,-10655.641180323802,119.66765594482422,119.66765594482422,-37.41222381591797,163.4845733642578,107.89978790283203,-34.55400466918945,-58.42498779296875,11.0,4509.3837890625,-24.794713973999023,-79.22573852539062,0.01146814227104187,-0.699999988079071,0.0,0.7097780704498291,345.637451171875,33.83946228027344,-0.01252120453864336,0.011468142336520111,-0.7,0.0,-34.554,-58.425
3.629063844680786,59.125,57.9256477355957,4500.0,13593.03071430036,-10655.641180323802,119.66765594482422,119.66765594482422,-37.41222381591797,163.4845733642578,107.89978790283203,-34.55400466918945,-58.42498779296875,11.0,4509.3837890625,-24.794713973999023,-79.22573852539062,0.01146814227104187,-0.699999988079071,0.0,0.7097780704498291,345.637451171875,33.83946228027344,-0.01252120453864336,-0.0016626995639360959,-0.7,0.0,-34.554,-58.425
3.6787543296813965,59.25,57.9256477355957,4500.0,13593.03071430036,-10655.641180323802,119.66765594482422,119.66765594482422,-37.41222381591797,163.4845733642578,107.89978790283203,-34.55400466918945,-58.42498779296875,11.0,4509.3837890625,-24.794713973999023,-79.22573852539062,-0.0016626996221020818,-0.699999988079071,0.0,0.7097780704498291,345.637451171875,33.83946228027344,-0.01252120453864336,-0.0016626995639360959,-0.7,0.0,-34.554,-58.425
3.7300961017608643,59.375,57.9256477355957,4500.0,13593.03071430036,-10655.641180323802,119.66765594482422,119.66765594482422,-37.41222381591797,163.4845733642578,107.89978790283203,-34.55400466918945,-58.42498779296875,11.0,4509.3837890625,-24.794713973999023,-79.22573852539062,-0.0016626996221020818,-0.699999988079071,0.0,0.7097780704498291,345.637451171875,33.83946228027344,-0.01252120453864336,-0.014894851455139038,-0.7,0.0,-34.554,-58.425
3.778493642807007,59.5,57.9256477355957,4500.0,13593.03071430036,-10655.641180323802,119.66765594482422,119.66765594482422,-37.41222381591797,163.4845733642578,107.89978790283203,-34.55400466918945,-58.42498779296875,11.0,4509.3837890625,-24.794713973999023,-79.22573852539062,-0.014894851483404636,-0.699999988079071,0.0,0.7097780704498291,345.637451171875,33.83946228027344,-0.01252120453864336,-0.014894851455139038,-0.7,0.0,-34.554,-58.425
3.8281400203704834,59.625,57.9256477355957,4500.0,13593.03071430036,-10655.641180323802,119.66765594482422,119.66765594482422,-37.41222381591797,163.4845733642578,107.89978790283203,-34.55400466918945,-58.42498779296875,11.0,4509.3837890625,-24.794713973999023,-79.22573852539062,-0.014894851483404636,-0.699999988079071,0.0,0.7097780704498291,345.637451171875,33.83946228027344,-0.01252120453864336,-0.02822791641888478,-0.7,0.0,-34.554,-58.425
3.87744140625,59.75,57.9256477355957,4500.0,13593.03071430036,-10655.641180323802,119.66765594482422,119.66765594482422,-37.41222381591797,163.4845733642578,107.89978790283203,-34.55400466918945,-58.42498779296875,11.0,4509.3837890625,-24.794713973999023,-79.22573852539062,-0.0282279159873724,-0.699999988079071,0.0,0.7097780704498291,345.637451171875,33.83946228027344,-0.01252120453864336,-0.02822791641888478,-0.7,0.0,-34.554,-58.425
3.9275641441345215,59.875,57.9256477355957,4500.0,13593.03071430036,-10655.641180323802,119.66765594482422,119.66765594482422,-37.41222381591797,163.4845733642578,107.89978790283203,-34.55400466918945,-58.42498779296875,11.0,4509.3837890625,-24.794713973999023,-79.22573852539062,-0.0282279159873724,-0.699999988079071,0.0,0.7097780704498291,345.637451171875,33.83946228027344,-0.01252120453864336,-0.04169697354328951,-0.7,0.0,-34.554,-58.425
3.9814727306365967,60.0,57.9256477355957,4500.0,13593.03071430036,-10655.641180323802,119.66765594482422,119.66765594482422,-37.41222381591797,163.4845733642578,107.89978790283203,-34.55400466918945,-58.42498779296875,11.0,4509.3837890625,-24.794713973999023,-79.22573852539062,-0.04169697314500809,-0.699999988079071,0.0,0.7097780704498291,345.637451171875,33.83946228027344,-0.01252120453864336,-0.048506098601390615,-0.7,0.0,-34.554,-58.425
4.030757665634155,60.125,57.9256477355957,4500.0,13593.03071430036,-10655.641180323802,119.66765594482422,119.66765594482422,-37.41222381591797,163.4845733642578,107.89978790283203,-34.55400466918945,-58.42498779296875,11.0,4509.3837890625,-24.794713973999023,-79.22573852539062,-0.04850609973073006,-0.699999988079071,0.0,0.7097780704498291,345.637451171875,33.83946228027344,-0.01252120453864336,-0.048506098601390615,-0.7,0.0,-34.554,-58.425
4.0822296142578125,60.25,57.9256477355957,4500.0,13593.03071430036,-10655.641180323802,119.66765594482422,119.66765594482422,-37.41222381591797,163.4845733642578,107.89978790283203,-34.55400466918945,-58.42498779296875,11.0,4509.3837890625,-24.794713973999023,-79.22573852539062,-0.04850609973073006,-0.699999988079071,0.0,0.7097780704498291,345.637451171875,33.83946228027344,-0.01252120453864336,-0.06217707937977158,-0.7,0.0,-34.554,-58.425
4.126896381378174,60.375,57.9256477355957,4500.0,13593.03071430036,-10655.641180323802,119.66765594482422,119.66765594482422,-37.41222381591797,163.4845733642578,107.89978790283203,-34.55400466918945,-58.42498779296875,11.0,4509.3837890625,-24.794713973999023,-79.22573852539062,-0.062177080661058426,-0.699999988079071,0.0,0.7097780704498291,345.637451171875,33.83946228027344,-0.01252120453864336,-0.06217707937977158,-0.7,0.0,-34.554,-58.425
4.181689500808716,60.5,57.9256477355957,4500.0,13593.03071430036,-10655.641180323802,119.66765594482422,119.66765594482422,-37.41222381591797,163.4845733642578,107.89978790283203,-34.55400466918945,-58.42498779296875,11.0,4509.3837890625,-24.794713973999023,-79.22573852539062,-0.062177080661058426,-0.699999988079071,0.0,0.7097780704498291,345.637451171875,33.83946228027344,-0.01252120453864336,-0.07595729961208567,-0.7,0.0,-34.554,-58.425
4.230678081512451,60.625,57.9256477355957,4500.0,13593.03071430036,-10655.641180323802,119.66765594482422,119.66765594482422,-37.41222381591797,163.4845733642578,107.89978790283203,-34.55400466918945,-58.42498779296875,11.0,4509.3837890625,-24.794713973999023,-79.22573852539062,-0.0759572982788086,-0.699999988079071,0.0,0.7097780704498291,345.637451171875,33.83946228027344,-0.01252120453864336,-0.07595729961208567,-0.7,0.0,-34.554,-58.425
4.280134201049805,60.75,57.9256477355957,4500.0,13593.03071430036,-10655.641180323802,119.66765594482422,119.66765594482422,-37.41222381591797,163.4845733642578,107.89978790283203,-34.55400466918945,-58.42498779296875,11.0,4509.3837890625,-24.794713973999023,-79.22573852539062,-0.0759572982788086,-0.699999988079071,0.0,0.7097780704498291,345.637451171875,33.83946228027344,-0.01252120453864336,-0.08984750510808585,-0.7,0.0,-34.554,-58.425
4.340971946716309,60.875,57.9256477355957,4500.0,13593.03071430036,-10655.641180323802,119.66765594482422,119.66765594482422,-37.41222381591797,163.4845733642578,107.89978790283203,-34.55400466918945,-58.42498779296875,11.0,4509.3837890625,-24.794713973999023,-79.22573852539062,-0.08984750509262085,-0.699999988079071,0.0,0.7097780704498291,345.637451171875,33.83946228027344,-0.01252120453864336,-0.09699467299752902,-0.7,0.0,-34.554,-58.425
4.379732370376587,61.0,57.9256477355957,4500.0,13593.03071430036,-10655.641180323802,119.66765594482422,119.66765594482422,-37.41222381591797,163.4845733642578,107.89978790283203,-34.55400466918945,-58.42498779296875,11.0,4509.3837890625,-24.794713973999023,-79.22573852539062,-0.09699467569589615,-0.699999988079071,0.0,0.7097780704498291,345.637451171875,33.83946228027344,-0.01252120453864336,-0.09699467299752902,-0.7,0.0,-34.554,-58.425
4.430124521255493,61.125,57.9256477355957,4500.0,13593.03071430036,-10655.641180323802,119.66765594482422,119.66765594482422,-37.41222381591797,163.4845733642578,107.89978790283203,-34.55400466918945,-58.42498779296875,11.0,4509.3837890625,-24.794713973999023,-79.22573852539062,-0.09699467569589615,-0.699999988079071,0.0,0.7097780704498291,345.637451171875,33.83946228027344,-0.01252120453864336,-0.11092084185793039,-0.7,0.0,-34.554,-58.425
4.483678102493286,61.25,57.9256477355957,4500.0,13593.03071430036,-10655.641180323802,119.66765594482422,119.66765594482422,-37.41222381591797,163.4845733642578,107.89978790283203,-34.55400466918945,-58.42498779296875,11.0,4509.3837890625,-24.794713973999023,-79.22573852539062,-0.11092083901166916,-0.699999988079071,0.0,0.7097780704498291,345.637451171875,33.83946228027344,-0.01252120453864336,-0.11806097873115101,-0.7,0.0,-34.554,-58.425
4.530763149261475,61.375,57.9256477355957,4500.0,13593.03071430036,-10655.641180323802,119.66765594482422,119.66765594482422,-37.41222381591797,163.4845733642578,107.89978790283203,-34.55400466918945,-58.42498779296875,11.0,4509.3837890625,-24.794713973999023,-79.22573852539062,-0.11806097626686096,-0.699999988079071,0.0,0.7097780704498291,345.637451171875,33.83946228027344,-0.01252120453864336,-0.11806097873115101,-0.7,0.0,-34.554,-58.425
4.582641124725342,61.5,57.9256477355957,4500.0,13593.03071430036,-10655.641180323802,119.66765594482422,119.66765594482422,-37.41222381591797,163.4845733642578,107.89978790283203,-34.55400466918945,-58.42498779296875,11.0,4509.3837890625,-24.794713973999023,-79.22573852539062,-0.11806097626686096,-0.699999988079071,0.0,0.7097780704498291,345.637451171875,33.83946228027344,-0.01252120453864336,-0.13232960754928583,-0.7,0.0,-34.554,-58.425
4.633190631866455,61.625,57.9256477355957,4500.0,13593.03071430036,-10655.641180323802,119.66765594482422,119.66765594482422,-37.41222381591797,163.4845733642578,107.89978790283203,-34.55400466918945,-58.42498779296875,11.0,4509.3837890625,-24.794713973999023,-79.22573852539062,-0.13232961297035217,-0.699999988079071,0.0,0.7097780704498291,345.637451171875,33.83946228027344,-0.01252120453864336,-0.13951461698415335,-0.7,0.0,-34.554,-58.425
