Timestamp_s,Latitude_deg,Longitude_deg,Altitude_ft,Airspeed_kts,ClimbRate_fpm,Pitch_deg,Roll_deg,Heading_deg,Ctrl_Pitch_Ratio,Ctrl_Roll_Ratio,Ctrl_Yaw_Ratio,Collective_deg,Engine_Torque_Nm
0.0,-34.5539942453902,-58.42499587458191,9964.049421569332,0.8435978889465332,-3105.666015625,-2.2942116260528564,6.727565288543701,8.96135139465332,-0.5,-0.06772040549884865,-0.007169081115722656,11.0,244.7518310546875
0.05,-34.55399397991407,-58.42499558109722,9963.025529151782,0.8781452775001526,-3155.354248046875,-2.366056203842163,6.810149669647217,9.181012153625488,-0.5,-0.07201737886524584,-0.013151163725745093,11.0,253.7566680908203
0.101,-34.553993646038336,-58.424995287612525,9961.896149816923,0.9291074275970459,-3224.156982421875,-2.4756014347076416,6.786970138549805,9.469334602355957,-0.5,-0.07127156011734079,-0.012343153272768756,11.0,234.01414489746094
0.15,-34.55399327598868,-58.424994940766986,9960.791860680096,0.9772530198097229,-3283.230712890625,-2.6410365104675293,6.598923206329346,9.90842056274414,-0.5,-0.06784936926811036,-0.016409440346949328,11.0,221.64022827148438
0.202,-34.55399287792251,-58.42499454056059,9959.72371886298,1.027282953262329,-3338.16748046875,-2.861740827560425,6.314343452453613,10.458529472351074,-0.5,-0.06460937466853187,-0.019239357672932215,11.0,210.32861328125
0.252,-34.553992442197746,-58.42499411367376,9958.65865442995,1.0815129280090332,-3390.525390625,-3.141040086746216,6.053260803222656,11.081259727478027,-0.5,-0.06405770270490305,-0.021056472314385816,11.0,199.73580932617188
0.302,-34.55399196362826,-58.424993633426084,9957.584590212442,1.1414070129394531,-3440.58544921875,-3.4815328121185303,5.920787334442139,11.759065628051758,-0.5,-0.06677105202623282,-0.022650718762973795,11.0,189.76878356933594
0.351,-34.55399151241695,-58.42499325990012,9956.644192242995,1.1990519762039185,-3482.16943359375,-3.8266799449920654,5.95400857925415,12.391020774841309,-0.5,-0.07176385564793257,-0.024092101877697822,11.0,181.57284545898438
0.402,-34.55399096751298,-58.424992672930735,9955.583643375896,1.2706830501556396,-3526.443359375,-4.265832424163818,6.145381450653076,13.153582572937012,-0.5,-0.07825171015970915,-0.025475175449801418,11.0,173.0128936767578
0.452,-34.55399038575826,-58.42499213932221,9954.525007270277,1.3497346639633179,-3567.66259765625,-4.751173973083496,6.4373884201049805,13.975103378295898,-0.5,-0.08474304804346355,-0.027116378039313264,11.0,165.19154357910156
0.5,-34.553989840473974,-58.424991579033254,9953.588805763051,1.428572654724121,-3602.530029296875,-5.211588382720947,6.708950996398926,14.752724647521973,-0.5,-0.08927474180122211,-0.0288381296941121,11.0,158.5885772705078
0.551,-34.55398919061744,-58.42499093870302,9952.531240072101,1.5241601467132568,-3638.4052734375,-5.755067348480225,6.951989650726318,15.6808443069458,-0.5,-0.09226109171283477,-0.030541779592839786,11.0,152.04844665527344
0.602,-34.55398850562376,-58.424990298372784,9951.47409555316,1.6296372413635254,-3671.771240234375,-6.308133125305176,7.068556785583496,16.643470764160156,-0.5,-0.0928018036038486,-0.03217708237687844,11.0,145.99819946289062
0.65,-34.55398785371083,-58.42498965804255,9950.514585657977,1.7322384119033813,-3699.470947265625,-6.804872035980225,7.050421237945557,17.527606964111328,-0.5,-0.0915980840674314,-0.03291905311658739,11.0,141.1009063720703
0.702,-34.55398708189919,-58.42498888431018,9949.428264171816,1.8601415157318115,-3729.04833984375,-7.346834659576416,6.916545391082764,18.52090072631836,-0.5,-0.08989865940488066,-0.033796904521365155,11.0,135.9682159423828
0.751,-34.553986293646865,-58.42498813725824,9948.36593942903,1.9966955184936523,-3756.05322265625,-7.843903064727783,6.725424766540527,19.47211456298828,-0.5,-0.0885398483400747,-0.034137708133393875,11.0,131.45982360839844
0.801,-34.553985492590215,-58.42498731016502,9947.328071424738,2.138681650161743,-3780.38720703125,-8.290749549865723,6.5435895919799805,20.37967872619629,-0.5,-0.08842779011797985,-0.03453096083360857,11.0,127.69123840332031
0.851,-34.55398461793546,-58.42498645639137,9946.23699912522,2.298518657684326,-3804.34033203125,-8.715210914611816,6.421286582946777,21.315061569213867,-0.5,-0.09021477095890493,-0.03485970708641202,11.0,124.09567260742188
0.901,-34.553983825152415,-58.42498565597858,9945.281670165248,2.445704460144043,-3823.943359375,-9.047986030578613,6.406436920166016,22.127973556518555,-0.5,-0.09351633683158442,-0.03566311696159272,11.0,121.281005859375
0.951,-34.55398290386063,-58.42498474884408,9944.207465270534,2.6196253299713135,-3844.78466796875,-9.379742622375488,6.501115798950195,23.048717498779297,-0.5,-0.09830266033856769,-0.03619787457169951,11.0,118.40780639648438
1.002,-34.55398195245324,-58.42498381502916,9943.134987047873,2.799988031387329,-3864.3388671875,-9.668761253356934,6.690922260284424,23.986276626586914,-0.5,-0.10380903996320714,-0.03763263810627873,11.0,115.76797485351562
1.051,-34.55398094322968,-58.424982747812095,9942.034453853965,2.9936423301696777,-3883.528076171875,-9.924442291259766,6.9410834312438965,24.972700119018555,-0.5,-0.1091919664133267,-0.03894565408037379,11.0,113.09089660644531
1.101,-34.55398001203763,-58.42498181399717,9941.049384883605,3.174621105194092,-3900.1455078125,-10.11971378326416,7.1676788330078125,25.87504005432129,-0.5,-0.11315193973611933,-0.03989071032047625,11.0,110.71212768554688
1.151,-34.55397899234155,-58.424980746780115,9940.000144350342,3.3707993030548096,-3917.040771484375,-10.29356575012207,7.362425327301025,26.85085678100586,-0.5,-0.11603806349777634,-0.041206348699717746,11.0,108.54705047607422
1.201,-34.553977895676056,-58.4249796262022,9938.901827628724,3.576681137084961,-3933.816162109375,-10.43886947631836,7.472661018371582,27.88298988342285,-0.5,-0.11727063295872954,-0.04253949547387637,11.0,106.62370300292969
1.25,-34.5539768886293,-58.424978612345996,9937.917591332458,3.7666261196136475,-3948.635986328125,-10.53707504272461,7.4753737449646,28.807493209838867,-0.5,-0.11697573095264877,-0.042436762249830035,11.0,104.99737548828125
1.301,-34.5539756875573,-58.42497733168553,9936.77036587894,3.979490280151367,-3964.70849609375,-10.614117622375488,7.368348121643066,29.87301254272461,-0.5,-0.1156716634187568,-0.04456783774157082,11.0,103.6763916015625
1.351,-34.553974504897425,-58.42497613106634,9935.665701433085,4.193212985992432,-3980.470947265625,-10.652170181274414,7.187351226806641,30.87656593322754,-0.5,-0.11415814790635469,-0.04461188071632677,11.0,102.3060302734375
1.4,-34.553973291856494,-58.42497485040587,9934.55545223318,4.413761138916016,-3996.529296875,-10.65759563446045,6.977303504943848,31.85323715209961,-0.5,-0.11356908658171896,-0.04380081938097262,11.0,100.9130859375
1.451,-34.55397214150683,-58.424973623106254,9933.521981942467,4.609872341156006,-4010.76708984375,-10.63742446899414,6.798680305480957,32.73122024536133,-0.5,-0.11350900504909163,-0.04490238464419733,11.0,99.93582153320312
1.5,-34.55397092194493,-58.424972289084934,9932.445348002017,4.814087390899658,-4025.66552734375,-10.596627235412598,6.664743423461914,33.6161994934082,-0.5,-0.11455509934184196,-0.04632153207882172,11.0,98.94053649902344
1.552,-34.55396949120839,-58.424970768300625,9931.205153532326,5.049479007720947,-4043.05810546875,-10.533233642578125,6.598499298095703,34.60261535644531,-0.5,-0.11760448766934245,-0.04468958489027211,11.0,97.85934448242188
1.6,-34.55396826714204,-58.42496938091845,9930.162475368008,5.243356704711914,-4057.65087890625,-10.47334098815918,6.6182966232299805,35.40751647949219,-0.5,-0.12089182026639274,-0.04591060158150581,11.0,96.97972869873047
1.65,-34.55396689513084,-58.424967913494996,9929.01239543315,5.456069469451904,-4074.022705078125,-10.408339500427246,6.705301761627197,36.27799987792969,-0.5,-0.12474522910930565,-0.04603210174009337,11.0,96.06985473632812
1.701,-34.553965517207125,-58.42496636603026,9927.87567249965,5.663642406463623,-4090.4326171875,-10.352319717407227,6.830999851226807,37.12513732910156,-0.5,-0.12850208976990776,-0.04615650654201868,11.0,95.1993408203125
1.752,-34.55396424796283,-58.42496495196766,9926.84360328503,5.848294258117676,-4105.44384765625,-10.313661575317383,6.950321197509766,37.88523483276367,-0.5,-0.13145376953526702,-0.04695931920098455,11.0,94.46923065185547
1.802,-34.55396281635849,-58.42496335114207,9925.695467478596,6.047675609588623,-4122.13134765625,-10.289033889770508,7.061347484588623,38.72182083129883,-0.5,-0.13392773883356016,-0.04737997803052657,11.0,93.72879791259766
1.851,-34.553961347633226,-58.42496167027521,9924.53393704351,6.245067119598389,-4139.17236328125,-10.287693977355957,7.130706310272217,39.55542755126953,-0.5,-0.13562133889289146,-0.048041979980502,11.0,93.00430297851562
1.902,-34.55395983076697,-58.424959882686636,9923.350450364873,6.442925930023193,-4156.791015625,-10.314057350158691,7.150465965270996,40.38731384277344,-0.5,-0.13668978676359742,-0.04835023308063028,11.0,92.27009582519531
1.952,-34.55395846846755,-58.42495830854148,9922.300239470787,6.610057353973389,-4172.09423828125,-10.362513542175293,7.131011009216309,41.1069450378418,-0.5,-0.13731711604083355,-0.04863885541057352,11.0,91.7629165649414
2.002,-34.553956932432776,-58.424956520952904,9921.128980585374,6.798013687133789,-4189.75927734375,-10.444045066833496,7.081422805786133,41.88619613647461,-0.5,-0.13803769012040462,-0.04902660127091774,11.0,91.1572265625
2.05,-34.553955371365184,-58.42495465332305,9919.951223256066,6.9839677810668945,-4207.7021484375,-10.552372932434082,7.0192036628723145,42.64334487915039,-0.5,-0.13899093777285637,-0.04887209833938892,11.0,90.63658142089844
2.102,-34.553953752392914,-58.42495273233234,9918.741772962734,7.172163009643555,-4226.314453125,-10.686753273010254,6.962136745452881,43.393924713134766,-0.5,-0.14033763276877925,-0.049189143021637426,11.0,90.20895385742188
2.151,-34.55395213586481,-58.42495075798079,9917.544905690476,7.354979991912842,-4244.8095703125,-10.838035583496094,6.927709579467773,44.1129150390625,-0.5,-0.1421711246349193,-0.04947084561235836,11.0,89.92220306396484
2.201,-34.55395048698659,-58.42494875694881,9916.33400885202,7.539663791656494,-4263.88623046875,-11.004327774047852,6.924034118652344,44.81956100463867,-0.5,-0.14450590412821462,-0.049719253724247195,11.0,89.66243743896484
2.251,-34.5539488192009,-58.424946675875546,9915.118372705765,7.723989963531494,-4283.29296875,-11.178959846496582,6.954319000244141,45.512107849121094,-0.5,-0.14726103031523108,-0.04984178351292462,11.0,89.48030853271484
2.3,-34.55394731753867,-58.42494480824569,9914.03082114365,7.884629726409912,-4300.4853515625,-11.336956977844238,7.0066962242126465,46.121307373046875,-0.5,-0.14993735446503711,-0.05045162077102464,11.0,89.44660949707031
2.351,-34.55394560872355,-58.42494262045072,9912.800390711986,8.067636489868164,-4320.37451171875,-11.512611389160156,7.084667205810547,46.80329513549805,-0.5,-0.1528909374900289,-0.05064522716052173,11.0,89.48548889160156
2.401,-34.55394387818677,-58.424940459336185,9911.561348544434,8.25188159942627,-4340.71240234375,-11.681026458740234,7.167695045471191,47.4847526550293,-0.5,-0.1556680953944727,-0.05131360396245516,11.0,89.56959533691406
2.451,-34.55394213755727,-58.42493819149993,9910.321688944474,8.436339378356934,-4361.3759765625,-11.836447715759277,7.240837574005127,48.16191864013672,-0.5,-0.15805485635314456,-0.051861489801475286,11.0,89.66224670410156
2.5,-34.55394055990577,-58.42493611042667,9909.203503428027,8.601861000061035,-4380.171875,-11.962617874145508,7.29136848449707,48.767398834228516,-0.5,-0.15987616675697264,-0.05267208590612525,11.0,89.73682403564453
2.551,-34.55393878721698,-58.42493378922957,9907.953113038093,8.78669261932373,-4401.43115234375,-12.085765838623047,7.330882549285889,49.43560028076172,-0.5,-0.16177799740367954,-0.05262188731635471,11.0,89.7806396484375
2.601,-34.553936961417506,-58.42493136131076,9906.671381558292,8.976741790771484,-4423.580078125,-12.190717697143555,7.3642659187316895,50.108924865722656,-0.5,-0.16390711752511994,-0.05291850469591696,11.0,89.84620666503906
2.652,-34.55393508475355,-58.42492885335068,9905.359765378758,9.170475959777832,-4446.46826171875,-12.27501392364502,7.403171539306641,50.785499572753906,-0.5,-0.16634532289212237,-0.053505554071984554,11.0,89.94964599609375
2.701,-34.55393347292618,-58.424926638875284,9904.237337259576,9.33857250213623,-4466.5908203125,-12.328661918640137,7.446135997772217,51.35557174682617,-0.5,-0.16867854778458,-0.05351830839564942,11.0,90.06946563720703
2.751,-34.553931563766405,-58.42492399751306,9902.912133529782,9.5313138961792,-4489.9912109375,-12.370742797851562,7.511872291564941,52.019351959228516,-0.5,-0.1716247857482082,-0.054224258062212226,11.0,90.27430725097656
2.802,-34.55392968233174,-58.4249214095117,9901.610264404677,9.721349716186523,-4513.43701171875,-12.391493797302246,7.593287467956543,52.663291931152344,-0.5,-0.1747249124183124,-0.0546848805903474,11.0,90.45475006103516
2.851,-34.5539279942334,-58.42491906163417,9900.445247405209,9.885380744934082,-4534.00146484375,-12.394757270812988,7.680438041687012,53.233421325683594,-0.5,-0.17766925544740064,-0.05487363776825567,11.0,90.66449737548828
2.901,-34.55392603618949,-58.4249162601894,9899.097157993354,10.0772123336792,-4558.47216796875,-12.383318901062012,7.796975612640381,53.88674545288086,-0.5,-0.1812228439757573,-0.0555484528951951,11.0,90.85110473632812
2.951,-34.55392409764485,-58.424913485425044,9897.765416434966,10.264552116394043,-4582.85009765625,-12.358766555786133,7.9261345863342285,54.52558135986328,-0.5,-0.18484633100891507,-0.05607233874840563,11.0,91.01628875732422
3.001,-34.5539223468355,-58.42491097746496,9896.56462975964,10.429402351379395,-4604.72802734375,-12.327035903930664,8.051928520202637,55.09578323364258,-0.5,-0.1881752528282199,-0.05649875702568775,11.0,91.15882110595703
3.052,-34.55392039819674,-58.42490812265933,9895.229688536376,10.612481117248535,-4629.53515625,-12.282474517822266,8.198670387268066,55.724159240722656,-0.5,-0.19185534087199613,-0.05665537648812459,11.0,91.34757232666016
3.102,-34.55391843279919,-58.424905161131996,9893.884128606878,10.793282508850098,-4654.6123046875,-12.228423118591309,8.347701072692871,56.352783203125,-0.5,-0.19557524487072367,-0.05739001452314601,11.0,91.59064483642578
3.15,-34.55391667505438,-58.42490249308935,9892.680736464448,10.953356742858887,-4677.34521484375,-12.172523498535156,8.475074768066406,56.91243362426758,-0.5,-0.19866862633032856,-0.057967811433348476,11.0,91.85918426513672
3.202,-34.553914638435444,-58.424899371479455,9891.285608644597,11.133771896362305,-4703.6318359375,-12.098505020141602,8.60539722442627,57.558738708496094,-0.5,-0.20188138292205357,-0.05830456458569001,11.0,92.24067687988281
3.252,-34.553912594512866,-58.42489627654999,9889.883730170317,11.310933113098145,-4730.208984375,-12.013467788696289,8.706491470336914,58.20546340942383,-0.5,-0.20463161866961052,-0.05888720837710589,11.0,92.71177673339844
3.302,-34.55391082340758,-58.42489350178564,9888.666792963631,11.4652099609375,-4754.04638671875,-11.930164337158203,8.761656761169434,58.76445770263672,-0.5,-0.20647980412045636,-0.059041796852936465,11.0,93.1788558959961
3.351,-34.553908786282065,-58.424890300134464,9887.263712084852,11.633575439453125,-4780.8955078125,-11.822236061096191,8.779735565185547,59.40520477294922,-0.5,-0.20808815504505698,-0.05994653349796047,11.0,93.8648452758789
3.401,-34.55390674515218,-58.424887018442014,9885.853636782616,11.798751831054688,-4808.1962890625,-11.70014762878418,8.744671821594238,60.04204559326172,-0.5,-0.20898375497649513,-0.06029137156349271,11.0,94.57667541503906
3.451,-34.55390493436253,-58.42488413695595,9884.598832179792,11.938740730285645,-4832.17041015625,-11.579421043395996,8.672516822814941,60.597713470458984,-0.5,-0.20940812362056382,-0.06040664894631437,11.0,95.2055435180664
3.5,-34.55390283507912,-58.42488066850052,9883.139332269318,12.099054336547852,-4860.689453125,-11.424530982971191,8.55566692352295,61.22440719604492,-0.5,-0.20985998309221487,-0.060780400720055465,11.0,95.85991668701172
3.552,-34.55390078075703,-58.42487730676679,9881.705763607286,12.250752449035645,-4888.85205078125,-11.258363723754883,8.43189525604248,61.81467056274414,-0.5,-0.21054940915568354,-0.0610166161937353,11.0,96.48775482177734
3.602,-34.553898713502576,-58.4248738916722,9880.257439277135,12.398896217346191,-4917.61083984375,-11.078675270080566,8.326672554016113,62.38262939453125,-0.5,-0.21208003589508914,-0.06078562385945178,11.0,97.0993881225586
3.651,-34.55389685076038,-58.424870716701456,9878.947142329998,12.527229309082031,-4943.66064453125,-10.908397674560547,8.268797874450684,62.87154769897461,-0.5,-0.21420768257272002,-0.060768755891761145,11.0,97.62135314941406
3.701,-34.5538950037892,-58.42486756841113,9877.642965581268,12.651076316833496,-4969.93017578125,-10.734307289123535,8.259506225585938,63.335472106933594,-0.5,-0.21699450444886897,-0.061036585191881945,11.0,98.0517578125
3.751,-34.55389293826259,-58.424864019914416,9876.178612123244,12.78378677368164,-4999.46337890625,-10.536865234375,8.314833641052246,63.830970764160156,-0.5,-0.2209877356381496,-0.06053835867081874,11.0,98.44111633300781
3.8,-34.553890812026026,-58.42486028465471,9874.664581612684,12.914163589477539,-5030.0595703125,-10.334676742553711,8.445582389831543,64.31964111328125,-0.5,-0.2259423488705795,-0.060671613199957744,11.0,98.79351806640625
3.852,-34.55388896937304,-58.42485702964269,9873.34675004799,13.02498722076416,-5057.45703125,-10.163436889648438,8.61124324798584,64.73163604736328,-0.5,-0.230677340486999,-0.06052699795740272,11.0,99.05158996582031
3.901,-34.553886875832326,-58.424853241022134,9871.842626648955,13.14217758178711,-5087.998046875,-9.976292610168457,8.83996295928955,65.19365692138672,-0.5,-0.23615176914408087,-0.061062450976916545,11.0,99.38023376464844
3.951,-34.55388503407303,-58.42484993264925,9870.513021335006,13.238749504089355,-5114.5244140625,-9.820240020751953,9.05704402923584,65.60003662109375,-0.5,-0.2406953211536271,-0.06124731988333526,11.0,99.70428466796875
4.002,-34.55388295034377,-58.42484609066784,9869.00107285846,13.345240592956543,-5145.36669921875,-9.655144691467285,9.296156883239746,66.06460571289062,-0.5,-0.24542190455750781,-0.061799609263653424,11.0,100.05065155029297
4.05,-34.55388084092941,-58.42484216864516,9867.461601844057,13.446911811828613,-5176.54736328125,-9.501501083374023,9.506890296936035,66.54429626464844,-0.5,-0.2494406594321466,-0.062416820308001025,11.0,100.42037963867188
4.101,-34.55387877101517,-58.424838326663746,9865.941712891683,13.542412757873535,-5207.54833984375,-9.363943099975586,9.664315223693848,67.02544403076172,-0.5,-0.25252348594910895,-0.06290671707651163,11.0,100.7635498046875
4.151,-34.55387690563414,-58.42483475148661,9864.563705995679,13.623625755310059,-5235.33837890625,-9.250519752502441,9.757033348083496,67.466552734375,-0.5,-0.25467410389657824,-0.06348188307927133,11.0,101.0392074584961
4.202,-34.553874785871265,-58.42483066938136,9862.987583423033,13.712336540222168,-5267.3125,-9.132621765136719,9.807827949523926,67.97412872314453,-0.5,-0.2567460619063154,-0.06392600123338056,11.0,101.38178253173828
4.252,-34.55387290972412,-58.424827014162936,9861.582993800752,13.787613868713379,-5295.85400390625,-9.036706924438477,9.812849998474121,68.4264144897461,-0.5,-0.25819147033156986,-0.06464527899741514,11.0,101.67784118652344
4.3,-34.553870789369554,-58.42482282533599,9859.98416429665,13.868537902832031,-5328.0537109375,-8.936036109924316,9.789449691772461,68.9376220703125,-0.5,-0.26001921674630823,-0.06473535361657036,11.0,102.00874328613281
4.352,-34.553868946461776,-58.424819143437134,9858.584231399931,13.93800163269043,-5356.99560546875,-8.853642463684082,9.759602546691895,69.37968444824219,-0.5,-0.26183456568093916,-0.0648561606039864,11.0,102.26287078857422
4.4,-34.55386685112451,-58.42481490124933,9856.98050826881,14.011956214904785,-5389.1611328125,-8.76390552520752,9.7333345413208,69.87720489501953,-0.5,-0.26426670763348253,-0.06535152453316825,11.0,102.507568359375
4.45,-34.55386499575846,-58.424811112628774,9855.54943556711,14.073819160461426,-5417.15625,-8.686594009399414,9.732691764831543,70.31183624267578,-0.5,-0.2670439276434049,-0.06545206712717315,11.0,102.69376373291016
4.501,-34.55386294275029,-58.42480681708012,9853.953500055708,14.141284942626953,-5448.818359375,-8.602324485778809,9.77254867553711,70.78629302978516,-0.5,-0.2707564819808458,-0.06578919225545088,11.0,102.8028564453125
4.551,-34.55386089113719,-58.42480252153146,9852.345149767585,14.206913948059082,-5480.7412109375,-8.519022941589355,9.867303848266602,71.2557144165039,-0.5,-0.27532489074445415,-0.06600016183956195,11.0,102.88693237304688
4.6,-34.553859049408445,-58.42479859950877,9850.889292079024,14.263578414916992,-5509.181640625,-8.445164680480957,10.00131893157959,71.67781066894531,-0.5,-0.2800522999356971,-0.06634710306075778,11.0,102.99824523925781
4.651,-34.55385700995254,-58.42479417055798,9849.263143149205,14.325258255004883,-5541.0556640625,-8.364659309387207,10.192924499511719,72.15399169921875,-0.5,-0.2854373345825821,-0.06681882797298522,11.0,103.2338638305664
4.701,-34.55385496073685,-58.42478968824634,9847.613797434606,14.385262489318848,-5572.9794921875,-8.284638404846191,10.409794807434082,72.64820098876953,-0.5,-0.29081553755549283,-0.06757168415592578,11.0,103.43685150146484
4.751,-34.55385319986324,-58.424785792904075,9846.183720544912,14.43617057800293,-5600.775390625,-8.21579647064209,10.597332954406738,73.0887680053711,-0.5,-0.2951019163628913,-0.0683017202934283,11.0,103.62642669677734
4.8,-34.553851175286184,-58.424781177190305,9844.524103461765,14.493074417114258,-5632.6318359375,-8.13545036315918,10.793628692626953,73.61660766601562,-0.5,-0.2994523429563818,-0.06894511563715906,11.0,103.89081573486328
4.851,-34.55384942653697,-58.42477717512634,9843.076650918461,14.542451858520508,-5660.974609375,-8.06386661529541,10.929036140441895,74.09333801269531,-0.5,-0.30251814026618895,-0.06943483891778356,11.0,104.1798095703125
4.901,-34.55384744079537,-58.424772586092985,9841.416515224613,14.595823287963867,-5692.3984375,-7.978063583374023,11.02535343170166,74.65914154052734,-0.5,-0.30531659724305477,-0.0705839525292753,11.0,104.61834716796875
4.951,-34.553845681293964,-58.424768450626885,9839.930118015036,14.641251564025879,-5719.86376953125,-7.895681381225586,11.048591613769531,75.18065643310547,-0.5,-0.3067695347207449,-0.0713590309618116,11.0,105.06558990478516
5.0,-34.55384371259611,-58.42476380823269,9838.248988141306,14.691780090332031,-5751.3056640625,-7.793540000915527,11.003536224365234,75.78227233886719,-0.5,-0.3078360110858668,-0.07212659315297519,11.0,105.59040832519531
5.051,-34.55384175222814,-58.424759032436356,9836.55508897081,14.740541458129883,-5782.7099609375,-7.678849220275879,10.894437789916992,76.39451599121094,-0.5,-0.3083563507675342,-0.07285258030635007,11.0,106.16214752197266
5.101,-34.55383984806127,-58.42475439004215,9834.889791925438,14.781356811523438,-5810.001953125,-7.5533246994018555,10.74781608581543,76.99520874023438,-0.5,-0.30812018435001337,-0.07499530528718627,11.0,106.66848754882812
5.151,-34.55383815109691,-58.42475017453477,9833.388391602784,14.826077461242676,-5841.24560546875,-7.42879581451416,10.60552978515625,77.52881622314453,-0.5,-0.3099876223195087,-0.07228738037832964,11.0,107.22693634033203
5.2,-34.553836265468114,-58.42474537205801,9831.700204788707,14.867955207824707,-5872.15673828125,-7.276538848876953,10.460689544677734,78.11425018310547,-0.5,-0.3112314329186601,-0.0737072117220996,11.0,107.78487396240234
5.251,-34.553834352812444,-58.4247405162204,9829.965680741705,14.908280372619629,-5903.9755859375,-7.10869836807251,10.35205364227295,78.69859313964844,-0.5,-0.3135123746086829,-0.07421962677618452,11.0,108.33446502685547
5.3,-34.55383270043767,-58.42473622067174,9828.448646893725,14.940844535827637,-5931.6787109375,-6.954344749450684,10.303518295288086,79.19483947753906,-0.5,-0.3163135266033135,-0.07453672076952386,11.0,108.88533782958984
5.352,-34.55383085721394,-58.42473136483413,9826.73536801897,14.974564552307129,-5963.04638671875,-6.774475574493408,10.303571701049805,79.74227142333984,-0.5,-0.3201241097856065,-0.07417956907088187,11.0,109.57618713378906
5.401,-34.553828986006366,-58.42472637559438,9824.972540643997,15.004823684692383,-5994.59228515625,-6.58624267578125,10.356841087341309,80.29578399658203,-0.5,-0.3243604716717269,-0.07496193142848362,11.0,110.31417846679688
5.452,-34.55382717584037,-58.42472143971549,9823.243921994232,15.031023979187012,-6025.9423828125,-6.40115213394165,10.447248458862305,80.83296203613281,-0.5,-0.32868381850722556,-0.07503333985757177,11.0,110.97970581054688
5.502,-34.55382561650805,-58.42471711748641,9821.735922202468,15.050765991210938,-6053.5595703125,-6.2406768798828125,10.5430908203125,81.29786682128906,-0.5,-0.33240456134694185,-0.07518637191626874,11.0,111.42767333984375
5.551,-34.55382383899316,-58.42471218160752,9819.994928219356,15.069186210632324,-6084.73388671875,-6.057859897613525,10.657845497131348,81.83007049560547,-0.5,-0.3364280644871405,-0.07589500474682716,11.0,111.83973693847656
5.601,-34.5538220885505,-58.42470724572862,9818.25672945287,15.083447456359863,-6115.9072265625,-5.879368305206299,10.76374626159668,82.35638427734375,-0.5,-0.3400635121681059,-0.07613967795455288,11.0,112.15548706054688
5.65,-34.55382053521978,-58.42470276341698,9816.69369230792,15.092472076416016,-6143.0986328125,-5.723557949066162,10.844633102416992,82.82502746582031,-0.5,-0.3430662309815583,-0.076386476213318,11.0,112.40775299072266
5.701,-34.55381876358414,-58.424697614094676,9814.886330551468,15.099047660827637,-6175.10791015625,-5.550451755523682,10.917741775512695,83.3608169555664,-0.5,-0.3463010344740561,-0.07694260537122019,11.0,112.61040496826172
5.75,-34.553817044202574,-58.42469254481365,9813.105990457349,15.101312637329102,-6206.58447265625,-5.388984203338623,10.970478057861328,83.88179779052734,-0.5,-0.34929542942687286,-0.07712588058866231,11.0,112.81085205078125
5.801,-34.55381531823918,-58.424687315450065,9811.291444520466,15.099470138549805,-6238.52734375,-5.235116004943848,11.008695602416992,84.40625,-0.5,-0.3522681100661518,-0.07757469176486848,11.0,113.03678131103516
5.852,-34.55381382085207,-58.42468272641672,9809.693973236717,15.094625473022461,-6266.1689453125,-5.110116958618164,11.035012245178223,84.86618041992188,-0.5,-0.35490093962665037,-0.07793320795288171,11.0,113.23036193847656
5.902,-34.553812115164014,-58.42467744369228,9807.846950732172,15.085487365722656,-6298.0263671875,-4.981817245483398,11.065373420715332,85.41304016113281,-0.5,-0.3581281135694627,-0.07867980336785248,11.0,113.48717498779297
5.952,-34.55381044331238,-58.424672107606995,9806.00684486609,15.072936058044434,-6329.58056640625,-4.8719305992126465,11.108601570129395,85.97391510009766,-0.5,-0.3617143519066453,-0.07951830796391811,11.0,113.7466049194336
6.002,-34.55380898300662,-58.42466743853237,9804.374079133384,15.059148788452148,-6357.5517578125,-4.789098739624023,11.166925430297852,86.48172760009766,-0.5,-0.3652999370269843,-0.0802784166654892,11.0,113.9970474243164
6.051,-34.55380754209986,-58.42466266273603,9802.738180653192,15.042963027954102,-6385.80126953125,-4.717077255249023,11.249041557312012,86.98542022705078,-0.5,-0.3692479561895446,-0.0801865234376165,11.0,114.21099090576172
6.101,-34.553805932094164,-58.42465729997032,9800.879606744274,15.023024559020996,-6416.6494140625,-4.647759914398193,11.366497039794922,87.5509262084961,-0.5,-0.37391185424019446,-0.08086836022600784,11.0,114.46959686279297
6.152,-34.55380434904616,-58.4246519372046,9799.0188822411,15.004261016845703,-6443.22265625,-4.590965270996094,11.498486518859863,88.11424255371094,-0.5,-0.3784961224151962,-0.08269651439531228,11.0,114.71912384033203
6.202,-34.553802987040676,-58.42464724144955,9797.390253114514,14.981400489807129,-6473.52978515625,-4.551275730133057,11.613061904907227,88.61223602294922,-0.5,-0.3820112871771988,-0.08039360793704975,11.0,114.9859848022461
6.252,-34.55380146337085,-58.42464182532298,9795.536557951942,14.957772254943848,-6503.34228515625,-4.518704414367676,11.728327751159668,89.20169830322266,-0.5,-0.38623670667264326,-0.08279080526885853,11.0,115.26490020751953
6.301,-34.553799952783585,-58.42463640919641,9793.663740225136,14.93338680267334,-6533.17822265625,-4.497078895568848,11.81856918334961,89.82292938232422,-0.5,-0.3897135978906856,-0.08379428381831959,11.0,115.56417846679688
6.352,-34.553798624860555,-58.4246315533588,9791.986730445176,14.911334037780762,-6559.74658203125,-4.484593868255615,11.873366355895996,90.39786529541016,-0.5,-0.39247707459998155,-0.08460267017374716,11.0,115.83531188964844
6.401,-34.55379712669661,-58.42462597714967,9790.057975100353,14.88640022277832,-6589.7158203125,-4.47568416595459,11.909219741821289,91.07685089111328,-0.5,-0.3954898512312112,-0.08571066509904951,11.0,116.17779541015625
6.45,-34.55379586318454,-58.42462112131206,9788.399009629153,14.865010261535645,-6615.62939453125,-4.4709391593933105,11.9249267578125,91.67262268066406,-0.5,-0.3979764984498928,-0.08671561641892124,11.0,116.49201202392578
6.501,-34.553794440300045,-58.42461559846378,9786.49289031513,14.841337203979492,-6644.7861328125,-4.466862201690674,11.937115669250488,92.36639404296875,-0.5,-0.40113931782959816,-0.0869818567608546,11.0,116.84172821044922
6.55,-34.55379305341473,-58.42461010229594,9784.593717072159,14.818790435791016,-6673.28173828125,-4.462492942810059,11.953869819641113,93.06403350830078,-0.5,-0.40450128308301775,-0.08789542219789777,11.0,117.1874008178711
6.6,-34.553791860669,-58.42460524645832,9782.925572868437,14.7992582321167,-6698.74462890625,-4.457302093505859,11.978507041931152,93.6803207397461,-0.5,-0.40775482461651374,-0.08810918651587978,11.0,117.47695922851562
6.651,-34.55379052324194,-58.42459969692962,9781.014148570597,14.77836799621582,-6726.927734375,-4.449010372161865,12.023225784301758,94.38898468017578,-0.5,-0.4116560287633355,-0.08917375961546681,11.0,117.81179809570312
6.701,-34.553789205727185,-58.42459409404007,9779.085733520798,14.758467674255371,-6754.8310546875,-4.438154697418213,12.091119766235352,95.10608673095703,-0.5,-0.41591633067259387,-0.08991929756102215,11.0,118.13878631591797
6.752,-34.553788065599136,-58.424589158161176,9777.37764989771,14.741826057434082,-6778.99853515625,-4.426889896392822,12.173871994018555,95.7428970336914,-0.5,-0.42006674041372977,-0.09000946425202122,11.0,118.43589782714844
6.801,-34.553786784973724,-58.42458344854992,9775.411941150203,14.72329044342041,-6806.84716796875,-4.413180351257324,12.298312187194824,96.47867584228516,-0.5,-0.425172627375087,-0.09109977410833005,11.0,118.74864959716797
6.852,-34.553785544137476,-58.42457773893866,9773.455614020117,14.705621719360352,-6834.31591796875,-4.400650501251221,12.451544761657715,97.21640014648438,-0.5,-0.4305371312580929,-0.09188206551244428,11.0,119.04718017578125
6.901,-34.55378448413543,-58.42457269633806,9771.740523416549,14.690943717956543,-6857.80419921875,-4.392162322998047,12.60439682006836,97.86971282958984,-0.5,-0.4353548080639753,-0.09242297716691317,11.0,119.27701568603516
6.951,-34.55378331011014,-58.42456704008765,9769.789389594458,14.674773216247559,-6884.41064453125,-4.386904716491699,12.789178848266602,98.62284088134766,-0.5,-0.44077606450545437,-0.0933847639277206,11.0,119.55990600585938
7.001,-34.553782298835465,-58.42456202416748,9768.061216155998,14.660845756530762,-6907.9296875,-4.387429237365723,12.953548431396484,99.30061340332031,-0.5,-0.4454253068911184,-0.09434553313580395,11.0,119.83741760253906
7.052,-34.553781162425565,-58.42455618115409,9766.0613417048,14.64564323425293,-6934.28076171875,-4.3953471183776855,13.134696960449219,100.09854125976562,-0.5,-0.4505206341779546,-0.09515663538639459,11.0,120.13584899902344
7.1,-34.553780230340486,-58.42455127195562,9764.370595877059,14.632930755615234,-6956.9541015625,-4.408969402313232,13.274477005004883,100.78461456298828,-0.5,-0.4545872923644158,-0.09564444258586324,11.0,120.37458801269531
7.151,-34.553779180231984,-58.42454553566394,9762.404956361279,14.619236946105957,-6982.15771484375,-4.433254718780518,13.41722583770752,101.59520721435547,-0.5,-0.45919620280386236,-0.09671843773304083,11.0,120.68461608886719
7.202,-34.55377815452902,-58.4245397460114,9760.415680822916,14.606088638305664,-7007.3359375,-4.4664530754089355,13.535534858703613,102.4289321899414,-0.5,-0.46347756124257333,-0.09769059303987242,11.0,121.01354217529297
7.25,-34.55377726716361,-58.42453454332824,9758.63292931579,14.595300674438477,-7028.984375,-4.501933574676514,13.615476608276367,103.18563079833984,-0.5,-0.46695038987065934,-0.09856857916876431,11.0,121.33450317382812
7.3,-34.55377629984666,-58.42452862027357,9756.61683962401,14.58501148223877,-7050.8037109375,-4.546067237854004,13.672630310058594,104.04910278320312,-0.5,-0.4702366835362376,-0.10181624271210603,11.0,121.63959503173828
7.35,-34.55377546616081,-58.42452339090999,9754.811377928592,14.57420539855957,-7075.40234375,-4.58642578125,13.69141674041748,104.8247299194336,-0.5,-0.47326940748454954,-0.09809625482697973,11.0,122.01913452148438
7.4,-34.553774645597066,-58.42451802814427,9752.965696803294,14.56538200378418,-7097.28076171875,-4.625314712524414,13.676465034484863,105.61546325683594,-0.5,-0.47563597088979104,-0.10148441619566557,11.0,122.39007568359375
7.45,-34.55377379581773,-58.42451223849174,9750.973792979494,14.556817054748535,-7120.5615234375,-4.661831378936768,13.623092651367188,106.46389770507812,-0.5,-0.47798639191878944,-0.10131980890700104,11.0,122.78557586669922
7.5,-34.55377307951761,-58.424507115849856,9749.22243245598,14.549912452697754,-7141.29052734375,-4.686565399169922,13.55216121673584,107.19935607910156,-0.5,-0.4799078851110087,-0.10161141821892013,11.0,123.13823699951172
7.552,-34.553772283141186,-58.424501192795184,9747.186375336722,14.54289722442627,-7164.43310546875,-4.704550266265869,13.460025787353516,108.03620147705078,-0.5,-0.48237341544812073,-0.1021309804562647,11.0,123.55406951904297
7.602,-34.55377152137947,-58.424495243060086,9745.137798152864,14.536480903625488,-7187.5185546875,-4.710633754730225,13.380433082580566,108.85359191894531,-0.5,-0.485340520389492,-0.10253527737878701,11.0,123.96488189697266
7.652,-34.55377087961903,-58.42448998701608,9743.322688014247,14.531262397766113,-7207.330078125,-4.706782341003418,13.340522766113281,109.55471801757812,-0.5,-0.4887706460783909,-0.10241751136376677,11.0,124.32305145263672
7.703,-34.553770187308395,-58.42448403728098,9741.257741141133,14.526062965393066,-7227.4384765625,-4.693822860717773,13.345874786376953,110.32622528076172,-0.5,-0.4928873532357419,-0.10482933857071092,11.0,124.64483642578125
7.752,-34.55376953916883,-58.42447811422631,9739.205917411484,14.519412994384766,-7252.62255859375,-4.673805236816406,13.409043312072754,111.06791687011719,-0.5,-0.49846586217174854,-0.10127344325680163,11.0,125.05071258544922
7.802,-34.55376898805271,-58.42447275146059,9737.354191135615,14.513931274414062,-7272.2021484375,-4.6505656242370605,13.509622573852539,111.71835327148438,-0.5,-0.5,-0.10313162312386397,11.0,125.32635498046875
7.851,-34.55376847455226,-58.42446746873616,9735.523892599158,14.50796127319336,-7291.89990234375,-4.621120452880859,13.636548042297363,112.33706665039062,-0.5,-0.5,-0.10338018350907013,11.0,125.6300277709961
7.901,-34.553767922661805,-58.424461412279356,9733.421676466241,14.500472068786621,-7314.1162109375,-4.579385280609131,13.788610458374023,113.02214050292969,-0.5,-0.5,-0.10321716110514904,11.0,125.94917297363281
7.951,-34.553767479431954,-58.4244562095962,9731.610966695473,14.493075370788574,-7333.56298828125,-4.537112712860107,13.900035858154297,113.59651947021484,-0.5,-0.5,-0.10303920135967165,11.0,126.21343994140625
8.001,-34.553767004709684,-58.42445020650025,9729.521463718265,14.484947204589844,-7352.50439453125,-4.481679916381836,13.98427963256836,114.24659729003906,-0.5,-0.5,-0.10526930385991116,11.0,126.52877807617188
8.051,-34.55376661965947,-58.424444977136666,9727.68423920311,14.474359512329102,-7374.10693359375,-4.427372932434082,14.009542465209961,114.80856323242188,-0.5,-0.5,-0.10247080854202135,11.0,126.8861312866211
8.1,-34.55376621562819,-58.42443892067986,9725.58126516547,14.463593482971191,-7393.31787109375,-4.359164237976074,13.981536865234375,115.4396743774414,-0.5,-0.5,-0.10592656199509402,11.0,127.21524810791016
8.152,-34.55376588807159,-58.424433611275,9723.705612347461,14.449655532836914,-7415.0703125,-4.293572902679443,13.91275691986084,115.99007415771484,-0.5,-0.5,-0.10299261939807197,11.0,127.6218490600586
8.2,-34.553765556464114,-58.42442760817905,9721.596993870102,14.433820724487305,-7436.62744140625,-4.214854717254639,13.800793647766113,116.58987426757812,-0.5,-0.5,-0.10463237394567032,11.0,128.04095458984375
8.251,-34.55376529782679,-58.42442235213504,9719.751955402084,14.418089866638184,-7455.59423828125,-4.142539978027344,13.68582820892334,117.09720611572266,-0.5,-0.5,-0.10488238710391509,11.0,128.42198181152344
8.3,-34.55376503533474,-58.42441634903909,9717.620734327473,14.397839546203613,-7477.35009765625,-4.0554728507995605,13.550141334533691,117.65877532958984,-0.5,-0.5,-0.10463141630040287,11.0,128.85459899902344
8.351,-34.55376483795338,-58.424411119675504,9715.762002571486,14.377613067626953,-7496.8486328125,-3.9772894382476807,13.44411849975586,118.12498474121094,-0.5,-0.5,-0.10426208414178295,11.0,129.22640991210938
8.402,-34.553764645904494,-58.42440500985785,9713.607641857117,14.356061935424805,-7515.7734375,-3.885570526123047,13.352958679199219,118.63745880126953,-0.5,-0.5,-0.10587566161990193,11.0,129.60211181640625
8.45,-34.55376451032828,-58.42439983385512,9711.729646804743,14.329054832458496,-7537.40869140625,-3.8061330318450928,13.313032150268555,119.06105041503906,-0.5,-0.5,-0.10316191460536855,11.0,130.00404357910156
8.501,-34.553764391441085,-58.42439383075917,9709.589499748312,14.299504280090332,-7559.072265625,-3.7178151607513428,13.317402839660645,119.52102661132812,-0.5,-0.5,-0.10442754557427887,11.0,130.38772583007812
8.55,-34.55376431800882,-58.424388548034734,9707.710234436207,14.271707534790039,-7577.97900390625,-3.6436820030212402,13.360474586486816,119.91132354736328,-0.5,-0.5,-0.10439333177869745,11.0,130.69537353515625
8.601,-34.553764269377545,-58.42438262498006,9705.565074581653,14.237632751464844,-7599.650390625,-3.56410551071167,13.444121360778809,120.3478012084961,-0.5,-0.5,-0.10444210380540184,11.0,131.05023193359375
8.65,-34.55376425744601,-58.42437720885349,9703.620900682174,14.205033302307129,-7619.15869140625,-3.5002267360687256,13.538039207458496,120.75263977050781,-0.5,-0.5,-0.1052924319217219,11.0,131.38497924804688
8.701,-34.55376427987718,-58.424371205757545,9701.459299412556,14.166999816894531,-7640.73388671875,-3.43965482711792,13.646079063415527,121.22250366210938,-0.5,-0.5,-0.1058578351750935,11.0,131.73492431640625
8.751,-34.55376433882741,-58.4243653093833,9699.325889117084,14.128059387207031,-7661.765625,-3.3895819187164307,13.738104820251465,121.7088394165039,-0.5,-0.5,-0.10674003233544618,11.0,132.08322143554688
8.801,-34.553764420205226,-58.42436021342185,9697.46128820721,14.091965675354004,-7680.50341796875,-3.3518691062927246,13.791618347167969,122.15257263183594,-0.5,-0.5,-0.10709958279547331,11.0,132.39036560058594
8.851,-34.55376453302367,-58.42435493069741,9695.542802788317,14.05530834197998,-7698.9140625,-3.3165719509124756,13.808943748474121,122.62570190429688,-0.5,-0.5,-0.10821357558665415,11.0,132.73944091796875
8.9,-34.5537646962605,-58.42434900764274,9693.371621952392,14.012408256530762,-7719.7841796875,-3.2778022289276123,13.777481079101562,123.17774200439453,-0.5,-0.5,-0.10900546488300059,11.0,133.1404571533203
8.951,-34.55376489385095,-58.424343137948924,9691.232152171433,13.969367980957031,-7740.0693359375,-3.2376761436462402,13.700034141540527,123.7330093383789,-0.5,-0.5,-0.10969797548694163,11.0,133.54945373535156
9.001,-34.55376510549862,-58.424337801863636,9689.282068688422,13.929407119750977,-7758.36767578125,-3.1976981163024902,13.604970932006836,124.2427749633789,-0.5,-0.5,-0.11013279708832201,11.0,133.92625427246094
9.051,-34.55376538070063,-58.42433185212854,9687.077372437343,13.88375186920166,-7778.66455078125,-3.148099422454834,13.495722770690918,124.8165512084961,-0.5,-0.5,-0.11067373635997071,11.0,134.3539276123047
9.101,-34.55376565173701,-58.424326649445376,9685.15481960401,13.842873573303223,-7796.29052734375,-3.101891279220581,13.423237800598145,125.3105239868164,-0.5,-0.5,-0.11122125167547686,11.0,134.72518920898438
9.151,-34.55376598785967,-58.42432085979284,9683.010254099965,13.796850204467773,-7815.52587890625,-3.0495645999908447,13.391937255859375,125.85211944580078,-0.5,-0.5,-0.11099671891512036,11.0,135.1101837158203
9.201,-34.55376637064104,-58.42431493673817,9680.803667224012,13.754308700561523,-7832.74853515625,-2.999305486679077,13.434775352478027,126.40034484863281,-0.5,-0.5,-0.11289037671922242,11.0,135.42138671875
9.251,-34.55376672624201,-58.42430989413757,9678.922247889452,13.70606517791748,-7851.669921875,-2.9632139205932617,13.537345886230469,126.86414337158203,-0.5,-0.5,-0.11020697291997254,11.0,135.755859375
9.301,-34.55376717567177,-58.4243039710829,9676.722398257814,13.65715503692627,-7870.2705078125,-2.9333698749542236,13.726707458496094,127.40941619873047,-0.5,-0.5,-0.11229764294451568,11.0,136.06607055664062
9.352,-34.55376760029822,-58.42429887512145,9674.788660506718,13.614001274108887,-7886.2783203125,-2.9221596717834473,13.938380241394043,127.90106201171875,-0.5,-0.5,-0.11273601528959222,11.0,136.34539794921875
9.4,-34.553768130847466,-58.4242928720255,9672.53013217263,13.569042205810547,-7902.64990234375,-2.930511474609375,14.209770202636719,128.49856567382812,-0.5,-0.5,-0.11539452981505186,11.0,136.59425354003906
9.45,-34.553768623086256,-58.424287696022766,9670.563463912345,13.519147872924805,-7920.599609375,-2.959001302719116,14.439379692077637,129.04574584960938,-0.5,-0.5,-0.11350963771485274,11.0,136.89488220214844
9.501,-34.55376921409054,-58.42428182632895,9668.338437531143,13.46971607208252,-7938.33251953125,-3.0164849758148193,14.66015625,129.6988983154297,-0.5,-0.5,-0.11612245271441597,11.0,137.21653747558594
9.552,-34.553769769363356,-58.424276677006645,9666.362904321402,13.426109313964844,-7954.10986328125,-3.090538263320923,14.799260139465332,130.3124542236328,-0.5,-0.5,-0.11731090266314083,11.0,137.5431365966797
9.6,-34.55377034366256,-58.42427160772562,9664.420061229728,13.384618759155273,-7969.42333984375,-3.182443380355835,14.87063217163086,130.94369506835938,-0.5,-0.5,-0.11835274945792552,11.0,137.8670654296875
9.652,-34.5537710348015,-58.42426581807308,9662.19803748466,13.339971542358398,-7986.49658203125,-3.3054606914520264,14.867125511169434,131.68975830078125,-0.5,-0.5,-0.11934871543238261,11.0,138.2813720703125
9.702,-34.55377176843384,-58.42426005510097,9659.958574815653,13.298527717590332,-8003.25244140625,-3.439459800720215,14.776174545288086,132.4475860595703,-0.5,-0.5,-0.12037550000014499,11.0,138.72909545898438
9.751,-34.55377246054413,-58.424254825737385,9657.942866859026,13.264427185058594,-8018.05908203125,-3.565185070037842,14.632610321044922,133.1353302001953,-0.5,-0.5,-0.1207600792618651,11.0,139.14718627929688
9.802,-34.553773258801264,-58.42424914280656,9655.719573888928,13.233772277832031,-8032.544921875,-3.7030718326568604,14.435604095458984,133.888916015625,-0.5,-0.5,-0.12347230589282472,11.0,139.5756072998047
9.851,-34.55377400562397,-58.424244046845104,9653.726014425047,13.202795028686523,-8048.900390625,-3.818401575088501,14.25381851196289,134.5399169921875,-0.5,-0.5,-0.11981995034852592,11.0,140.05770874023438
9.902,-34.553774878546584,-58.42423836391427,9651.488210958429,13.176241874694824,-8065.1005859375,-3.9336998462677,14.072932243347168,135.2342529296875,-0.5,-0.5,-0.12131989573410104,11.0,140.52639770507812
9.951,-34.5537756801602,-58.424233401354954,9649.51076405216,13.156267166137695,-8079.46630859375,-4.021021366119385,13.95128059387207,135.81617736816406,-0.5,-0.5,-0.12139920871183245,11.0,140.92431640625
10.0,-34.55377661767594,-58.42422777178497,9647.281309876591,13.138226509094238,-8095.21484375,-4.101073741912842,13.871513366699219,136.43667602539062,-0.5,-0.5,-0.12114373229023231,11.0,141.34425354003906
10.052,-34.5537776084671,-58.42422208885414,9645.011409880593,13.123796463012695,-8111.34521484375,-4.1619873046875,13.85782527923584,137.0341796875,-0.5,-0.5,-0.12083371722456951,11.0,141.7445068359375
10.101,-34.55377849006804,-58.42421723301653,9643.057581907138,13.114394187927246,-8125.30029296875,-4.198300838470459,13.894662857055664,137.52725219726562,-0.5,-0.5,-0.12050483279262045,11.0,142.05801391601562
10.151,-34.553779416528954,-58.424212350498486,9641.064304830506,13.107696533203125,-8138.955078125,-4.22068452835083,13.966269493103027,138.0169219970703,-0.5,-0.5,-0.12066887501317568,11.0,142.37258911132812
10.202,-34.55378054372322,-58.42420653416552,9638.713745201007,13.102499008178711,-8155.18212890625,-4.228703498840332,14.069069862365723,138.58595275878906,-0.5,-0.5,-0.12136645822139355,11.0,142.72259521484375
10.251,-34.55378154718235,-58.424201518245354,9636.683269937523,13.099954605102539,-8169.123046875,-4.21980619430542,14.149064064025879,139.07655334472656,-0.5,-0.5,-0.12168947978105797,11.0,143.00621032714844
10.302,-34.55378271169895,-58.42419594203622,9634.393250606023,13.098603248596191,-8184.818359375,-4.1917724609375,14.20468521118164,139.6331787109375,-0.5,-0.5,-0.12218167303051455,11.0,143.3450927734375
10.351,-34.55378377674328,-58.42419100615733,9632.356409735978,13.098189353942871,-8198.8076171875,-4.149916172027588,14.207789421081543,140.13247680664062,-0.5,-0.5,-0.122887885047808,11.0,143.66722106933594
10.401,-34.55378503330145,-58.424185323226496,9630.018440066837,13.097930908203125,-8212.8916015625,-4.080923080444336,14.149466514587402,140.70901489257812,-0.5,-0.5,-0.12463605074412568,11.0,143.9805450439453
10.451,-34.553786127570014,-58.42418060079102,9628.035207063891,13.097078323364258,-8228.375,-4.006128311157227,14.051716804504395,141.20516967773438,-0.5,-0.5,-0.1223296287243977,11.0,144.3531494140625
10.501,-34.553787432628816,-58.42417510462317,9625.729002551176,13.09476375579834,-8243.9404296875,-3.9009881019592285,13.902312278747559,141.7850341796875,-0.5,-0.5,-0.12430455185645836,11.0,144.73313903808594
10.551,-34.55378860660149,-58.42417027546598,9623.70515169762,13.09095573425293,-8257.138671875,-3.7943098545074463,13.764657020568848,142.2900848388672,-0.5,-0.5,-0.12451855070041529,11.0,145.064453125
10.601,-34.55378999285988,-58.424164752617706,9621.37243145518,13.08354663848877,-8272.5048828125,-3.657991647720337,13.632161140441895,142.8583526611328,-0.5,-0.5,-0.12484676862083835,11.0,145.43165588378906
10.652,-34.55379123281225,-58.42415997682138,9619.334777949378,13.073941230773926,-8285.7333984375,-3.531751871109009,13.566011428833008,143.33799743652344,-0.5,-0.5,-0.12494530037893764,11.0,145.72007751464844
10.701,-34.55379267671337,-58.42415456069481,9617.015903688036,13.060746192932129,-8298.974609375,-3.387181043624878,13.57007884979248,143.86456298828125,-0.5,-0.5,-0.12663154852421427,11.0,146.01214599609375
10.751,-34.55379396475386,-58.424149838259325,9614.992771702819,13.04154109954834,-8313.5146484375,-3.2671666145324707,13.651135444641113,144.31076049804688,-0.5,-0.5,-0.12381033295700213,11.0,146.29432678222656
10.801,-34.553795270935716,-58.42414519586512,9612.98175271321,13.020148277282715,-8326.3115234375,-3.160115957260132,13.802627563476562,144.74789428710938,-0.5,-0.5,-0.12507605712938966,11.0,146.50027465820312
10.851,-34.55379681293467,-58.42413983309941,9610.657005224377,12.991144180297852,-8340.5283203125,-3.0603601932525635,14.052310943603516,145.2584686279297,-0.5,-0.5,-0.12575271853091546,11.0,146.7367401123047
10.901,-34.55379820397608,-58.42413513734436,9608.602521354333,12.961971282958984,-8352.6689453125,-3.0001232624053955,14.316641807556152,145.72496032714844,-0.5,-0.5,-0.1263361064609234,11.0,146.96102905273438
10.951,-34.553799837348855,-58.42412972121779,9606.23893126566,12.923758506774902,-8366.5693359375,-2.96956467628479,14.634058952331543,146.2915802001953,-0.5,-0.5,-0.12759361545855707,11.0,147.20001220703125
11.002,-34.55380131897582,-58.424124998782304,9604.138766206801,12.88670825958252,-8378.6455078125,-2.9813103675842285,14.895112037658691,146.83042907714844,-0.5,-0.5,-0.12853197905156552,11.0,147.40994262695312
11.052,-34.55380303464962,-58.42411966269702,9601.757714318112,12.841689109802246,-8392.142578125,-3.0410850048065186,15.136640548706055,147.4872283935547,-0.5,-0.5,-0.1301533637235492,11.0,147.70230102539062
11.101,-34.5538045663983,-58.424115020302814,9599.67672938481,12.801661491394043,-8403.453125,-3.132744312286377,15.285205841064453,148.10292053222656,-0.5,-0.5,-0.13166282251718184,11.0,147.99424743652344
11.152,-34.55380610338338,-58.424110457949894,9597.628790690564,12.760844230651855,-8414.6025390625,-3.255800724029541,15.37251091003418,148.74429321289062,-0.5,-0.5,-0.1324479174444362,11.0,148.29136657714844
11.201,-34.55380790982934,-58.424105228586306,9595.270701089874,12.716081619262695,-8426.69140625,-3.4336252212524414,15.411267280578613,149.5203399658203,-0.5,-0.5,-0.13410627247681656,11.0,148.6674346923828
11.251,-34.55380951785622,-58.42410074627467,9593.213852953166,12.679636001586914,-8436.6796875,-3.6164894104003906,15.407915115356445,150.2236328125,-0.5,-0.5,-0.13504846270990983,11.0,149.009521484375
11.301,-34.55381138337593,-58.424095676993645,9590.874808287248,12.645171165466309,-8446.5244140625,-3.85105037689209,15.386529922485352,151.0452880859375,-0.5,-0.5,-0.13831985712815312,11.0,149.36215209960938
11.35,-34.553813061537,-58.424091194682,9588.81239778176,12.610970497131348,-8457.1298828125,-4.077198028564453,15.374573707580566,151.78323364257812,-0.5,-0.5,-0.13519487007488726,11.0,149.7593536376953
11.401,-34.55381502244612,-58.424086125400976,9586.450426524505,12.585110664367676,-8466.314453125,-4.353452205657959,15.392217636108398,152.6395263671875,-0.5,-0.5,-0.14062982208158842,11.0,150.1116485595703
11.451,-34.553816729508405,-58.42408182985232,9584.43396475073,12.563477516174316,-8475.8251953125,-4.60101318359375,15.445027351379395,153.38243103027344,-0.5,-0.5,-0.1367688643612922,11.0,150.4788818359375
11.501,-34.55381874238126,-58.424076867292996,9582.100898191333,12.549298286437988,-8485.009765625,-4.896834373474121,15.54917049407959,154.25714111328125,-0.5,-0.5,-0.13987155673818416,11.0,150.83518981933594
11.551,-34.55382050340144,-58.42407270514647,9580.096549065784,12.543972969055176,-8492.72265625,-5.156965255737305,15.66382884979248,155.02845764160156,-0.5,-0.5,-0.14047064131636205,11.0,151.12486267089844
11.601,-34.5538225958236,-58.42406784930886,9577.756791668944,12.545714378356934,-8499.9736328125,-5.462896823883057,15.807551383972168,155.95510864257812,-0.5,-0.5,-0.1444026396173655,11.0,151.42335510253906
11.651,-34.553824463532315,-58.424063607121056,9575.704562623054,12.556574821472168,-8507.9248046875,-5.728530406951904,15.920565605163574,156.79324340820312,-0.5,-0.5,-0.14115956762841328,11.0,151.74960327148438
11.701,-34.553826597677165,-58.42405888468557,9573.399309502915,12.576824188232422,-8515.4599609375,-6.017147541046143,16.00929069519043,157.76251220703125,-0.5,-0.5,-0.1446451992094632,11.0,152.0745391845703
11.751,-34.553828535926165,-58.42405472253905,9571.340669452213,12.602784156799316,-8521.9150390625,-6.260498046875,16.03751564025879,158.65365600585938,-0.5,-0.5,-0.14578866093800813,11.0,152.3656005859375
11.802,-34.553830780987035,-58.424050026783995,9568.995877247304,12.641034126281738,-8528.9912109375,-6.512417316436768,16.003210067749023,159.68978881835938,-0.5,-0.5,-0.14728672658669328,11.0,152.71250915527344
11.851,-34.5538327752571,-58.424045944678745,9566.94719618,12.682108879089355,-8535.0361328125,-6.703867435455322,15.91874885559082,160.60577392578125,-0.5,-0.5,-0.14845499246889157,11.0,153.0269012451172
11.901,-34.55383507711907,-58.424041328964975,9564.620531909168,12.735734939575195,-8541.6396484375,-6.882015705108643,15.775771141052246,161.64697265625,-0.5,-0.5,-0.149018557510023,11.0,153.3782501220703
11.952,-34.55383714062231,-58.42403732690101,9562.567660663277,12.789568901062012,-8547.3896484375,-7.00032377243042,15.626385688781738,162.5569305419922,-0.5,-0.5,-0.14909216236620693,11.0,153.68092346191406
12.001,-34.553839513758334,-58.42403279122851,9560.243092840537,12.845718383789062,-8552.8134765625,-7.087418556213379,15.452855110168457,163.56838989257812,-0.5,-0.5,-0.152439096065888,11.0,153.97633361816406
12.052,-34.553841671686605,-58.424028842525395,9558.161456174217,12.915048599243164,-8559.0009765625,-7.121825695037842,15.310766220092773,164.44955444335938,-0.5,-0.5,-0.1480566508884364,11.0,154.29412841796875
12.101,-34.55384410991606,-58.42402444025503,9555.84409965761,12.985883712768555,-8564.984375,-7.112185478210449,15.179500579833984,165.3971710205078,-0.5,-0.5,-0.15028206617278622,11.0,154.581787109375
12.151,-34.55384633820798,-58.424020518232346,9553.75684212055,13.05001163482666,-8570.2626953125,-7.062260150909424,15.087586402893066,166.2197723388672,-0.5,-0.5,-0.1503077883816344,11.0,154.8074493408203
12.2,-34.55384889431656,-58.42401614264241,9551.396557213739,13.121323585510254,-8576.1416015625,-6.959834098815918,15.009474754333496,167.10707092285156,-0.5,-0.5,-0.1503133184056784,11.0,155.05516052246094
12.251,-34.5538511400097,-58.42401232734143,9549.351354577579,13.181465148925781,-8581.23046875,-6.833373546600342,14.95545482635498,167.8341827392578,-0.5,-0.5,-0.15033320423280747,11.0,155.27598571777344
12.3,-34.55385377163814,-58.42400808515362,9546.986759127118,13.246281623840332,-8587.0185546875,-6.64935302734375,14.893383979797363,168.6339111328125,-0.5,-0.5,-0.14979779233157856,11.0,155.5027618408203
12.352,-34.55385607026481,-58.424004376574345,9544.948537550867,13.29821491241455,-8592.0673828125,-6.464172840118408,14.827812194824219,169.298583984375,-0.5,-0.5,-0.1494635723454799,11.0,155.67845153808594
12.402,-34.55385880525555,-58.424000107706114,9542.555384945124,13.350574493408203,-8597.80078125,-6.219451904296875,14.729713439941406,170.0489044189453,-0.5,-0.5,-0.15000408152236336,11.0,155.9091339111328
12.452,-34.55386115791344,-58.423996532528975,9540.523163852282,13.386869430541992,-8602.470703125,-5.99239444732666,14.630402565002441,170.65829467773438,-0.5,-0.5,-0.14964814098630003,11.0,156.1176300048828
12.501,-34.55386393368395,-58.423992397062875,9538.15480769705,13.420685768127441,-8607.9248046875,-5.711421012878418,14.50707721710205,171.33197021484375,-0.5,-0.5,-0.14963919314816634,11.0,156.3486785888672
12.551,-34.553866420349884,-58.42398876852488,9536.058595467359,13.441044807434082,-8612.5908203125,-5.454675197601318,14.40749740600586,171.89227294921875,-0.5,-0.5,-0.14927036141862157,11.0,156.53416442871094
12.602,-34.5538692557104,-58.423984713100054,9533.696341504343,13.452080726623535,-8617.138671875,-5.164800643920898,14.325421333312988,172.48086547851562,-0.5,-0.5,-0.15086685671151423,11.0,156.75120544433594
12.651,-34.55387180015218,-58.42398121796419,9531.600617443211,13.452787399291992,-8622.09765625,-4.914651870727539,14.289982795715332,172.96580505371094,-0.5,-0.5,-0.14738309142946324,11.0,156.9674530029297
12.701,-34.55387431602363,-58.42397780286961,9529.550017174333,13.442680358886719,-8626.34375,-4.682934761047363,14.29444408416748,173.4080047607422,-0.5,-0.5,-0.14790771948735246,11.0,157.1327362060547
12.751,-34.55387726816246,-58.42397388084692,9527.170268047601,13.419729232788086,-8630.8212890625,-4.439749717712402,14.351040840148926,173.88905334472656,-0.5,-0.5,-0.14819529250718574,11.0,157.33575439453125
12.802,-34.55387986813789,-58.42397051911319,9525.096979810856,13.390202522277832,-8634.46484375,-4.257922649383545,14.445331573486328,174.28538513183594,-0.5,-0.5,-0.14766873947441264,11.0,157.52931213378906
12.852,-34.553882854318395,-58.423966703812205,9522.740510864183,13.345541954040527,-8638.3857421875,-4.09375524520874,14.596015930175781,174.71902465820312,-0.5,-0.5,-0.14792345918912117,11.0,157.729736328125
12.902,-34.5538855793732,-58.42396334207847,9520.613027188927,13.297651290893555,-8641.5517578125,-3.9909985065460205,14.758111953735352,175.1040496826172,-0.5,-0.5,-0.1480658124231967,11.0,157.89984130859375
12.952,-34.55388866700129,-58.423959580138344,9518.227899358608,13.235255241394043,-8644.7548828125,-3.9330289363861084,14.946768760681152,175.5395965576172,-0.5,-0.5,-0.14856898347919803,11.0,158.13027954101562
13.002,-34.55389134932722,-58.423956431848026,9516.176683481783,13.176199913024902,-8647.1572265625,-3.9340744018554688,15.09071159362793,175.92555236816406,-0.5,-0.5,-0.14914071984467625,11.0,158.3616180419922
13.052,-34.553894041244405,-58.42395336359898,9514.136748727411,13.112316131591797,-8649.2548828125,-3.9812662601470947,15.19288444519043,176.32452392578125,-0.5,-0.5,-0.14945907340310427,11.0,158.6013641357422
13.101,-34.55389721768702,-58.42394973506099,9511.751794075593,13.036979675292969,-8651.216796875,-4.09058952331543,15.232114791870117,176.81246948242188,-0.5,-0.5,-0.15049380890612649,11.0,158.93710327148438
13.15,-34.55389999804937,-58.42394669349237,9509.68241544161,12.973081588745117,-8652.5244140625,-4.226195812225342,15.184158325195312,177.252197265625,-0.5,-0.5,-0.15103950356689042,11.0,159.2585906982422
13.202,-34.55390319254587,-58.42394325171736,9507.32434509974,12.908489227294922,-8653.56640625,-4.416056156158447,15.041834831237793,177.76368713378906,-0.5,-0.5,-0.15309769694430636,11.0,159.62782287597656
13.25,-34.55390602699581,-58.4239402635096,9505.248599298298,12.83944320678711,-8654.3974609375,-4.604115962982178,14.858284950256348,178.21453857421875,-0.5,-0.5,-0.15090343539921228,11.0,160.0658416748047
13.301,-34.5539093290471,-58.42393690177587,9502.849355927669,12.774850845336914,-8654.9169921875,-4.8329057693481445,14.615150451660156,178.72378540039062,-0.5,-0.5,-0.1523712431308767,11.0,160.5243682861328
13.351,-34.55391216181978,-58.42393404697024,9500.807110756636,12.725468635559082,-8655.123046875,-5.028336524963379,14.417215347290039,179.1414337158203,-0.5,-0.5,-0.15251048400405529,11.0,160.90170288085938
13.4,-34.55391507374171,-58.423931218845034,9498.722992551513,12.68089485168457,-8655.1220703125,-5.220600128173828,14.256699562072754,179.54891967773438,-0.5,-0.5,-0.15195446303858012,11.0,161.2943115234375
13.451,-34.55391841068551,-58.42392796383301,9496.35331602022,12.640461921691895,-8654.8740234375,-5.422945976257324,14.153990745544434,179.99124145507812,-0.5,-0.5,-0.15226172546006098,11.0,161.68927001953125
13.5,-34.553921333404205,-58.42392529579036,9494.294062556699,12.614140510559082,-8654.4755859375,-5.58061408996582,14.152411460876465,180.36473083496094,-0.5,-0.5,-0.15222666748799996,11.0,161.99240112304688
13.551,-34.553924655166824,-58.42392222754132,9491.971881648526,12.592729568481445,-8653.7958984375,-5.735412120819092,14.254827499389648,180.78636169433594,-0.5,-0.5,-0.15257296739102214,11.0,162.29754638671875
13.602,-34.55392765882326,-58.42391955949868,9489.88838433288,12.581839561462402,-8652.998046875,-5.852492332458496,14.428339958190918,181.17926025390625,-0.5,-0.5,-0.15313705678897105,11.0,162.5201873779297
13.652,-34.553931084379286,-58.42391657129092,9487.530520612374,12.578364372253418,-8651.8759765625,-5.959784507751465,14.683368682861328,181.65771484375,-0.5,-0.5,-0.15426714259620397,11.0,162.74835205078125
13.7,-34.553934144901774,-58.42391400996998,9485.439799971879,12.582730293273926,-8650.7099609375,-6.032835960388184,14.923574447631836,182.12423706054688,-0.5,-0.5,-0.15561716461864378,11.0,162.9507598876953
13.752,-34.55393715009499,-58.42391155537074,9483.400830524042,12.59338092803955,-8649.404296875,-6.084405422210693,15.134160041809082,182.62490844726562,-0.5,-0.5,-0.15647251575808674,11.0,163.11175537109375
13.8,-34.55394026538098,-58.42390902073023,9481.301166286692,12.60911750793457,-8648.0068359375,-6.116819858551025,15.292197227478027,183.1907958984375,-0.5,-0.5,-0.15851051487703924,11.0,163.31182861328125
13.851,-34.55394372512607,-58.42390629932673,9478.985428554006,12.632096290588379,-8646.3193359375,-6.1267170906066895,15.363818168640137,183.8718719482422,-0.5,-0.5,-0.15990810697725386,11.0,163.5310516357422
13.9,-34.553947215445284,-58.423903657964516,9476.665747583844,12.659534454345703,-8644.5341796875,-6.104568958282471,15.312807083129883,184.5962371826172,-0.5,-0.5,-0.16117514930343455,11.0,163.77662658691406
13.952,-34.553950506091454,-58.42390117668486,9474.49348051101,12.68770980834961,-8642.8095703125,-6.053136348724365,15.160552978515625,185.30224609375,-0.5,-0.5,-0.16227413267561938,11.0,164.02542114257812
14.002,-34.553953918840065,-58.423898722085625,9472.255193414167,12.718266487121582,-8640.9755859375,-5.968739986419678,14.927309036254883,186.04550170898438,-0.5,-0.5,-0.16387007117399396,11.0,164.3094482421875
14.05,-34.55395716262295,-58.42389642756895,9470.140863692388,12.747373580932617,-8639.1982421875,-5.85833215713501,14.677652359008789,186.74098205566406,-0.5,-0.5,-0.16340388901225103,11.0,164.5670166015625
14.102,-34.553960572186746,-58.42389413305227,9467.931515797973,12.7753267288208,-8637.3935546875,-5.709966659545898,14.43075942993164,187.43402099609375,-0.5,-0.5,-0.1635480296671446,11.0,164.83209228515625
14.152,-34.55396400459011,-58.42389186521603,9465.720149881206,12.801023483276367,-8635.5634765625,-5.532731533050537,14.233869552612305,188.08535766601562,-0.5,-0.5,-0.16356479774587732,11.0,165.0636749267578
14.201,-34.55396740520543,-58.423889650740634,9463.541387909092,12.82271957397461,-8633.759765625,-5.3369598388671875,14.113842964172363,188.68295288085938,-0.5,-0.5,-0.16311105134381643,11.0,165.28822326660156
14.25,-34.55397076650435,-58.42388754298694,9461.399337345734,12.839367866516113,-8631.9833984375,-5.1325225830078125,14.07837963104248,189.2322998046875,-0.5,-0.5,-0.162481471124646,11.0,165.4535675048828
14.302,-34.55397412873136,-58.4238854885941,9459.26785172429,12.849863052368164,-8630.3095703125,-4.928071022033691,14.122323989868164,189.75668334960938,-0.5,-0.5,-0.16245067488662981,11.0,165.6222686767578
14.351,-34.55397753258542,-58.42388348756212,9457.120975693688,12.854503631591797,-8628.6201171875,-4.729617118835449,14.232671737670898,190.2715606689453,-0.5,-0.5,-0.16262787514809834,11.0,165.7351531982422
14.401,-34.55398106559533,-58.42388148653014,9454.904107183218,12.852306365966797,-8626.85546875,-4.540378093719482,14.38245677947998,190.79869079589844,-0.5,-0.5,-0.1632643268427366,11.0,165.89950561523438
14.452,-34.553984491117816,-58.42387956553944,9452.765260507353,12.84315299987793,-8625.1494140625,-4.378880500793457,14.516753196716309,191.31060791015625,-0.5,-0.5,-0.16332379918876003,11.0,166.01988220214844
14.501,-34.55398791258994,-58.42387772459001,9450.638623839244,12.827950477600098,-8623.4990234375,-4.242905616760254,14.597163200378418,191.82693481445312,-0.5,-0.5,-0.16396641658902353,11.0,166.19784545898438
14.55,-34.5539913902027,-58.42387591032101,9448.486244625412,12.806061744689941,-8621.791015625,-4.132302761077881,14.594881057739258,192.35690307617188,-0.5,-0.5,-0.16466190047925106,11.0,166.38687133789062
14.601,-34.5539953967076,-58.42387390928903,9446.0171719715,12.773917198181152,-8619.8193359375,-4.0382232666015625,14.474693298339844,192.96743774414062,-0.5,-0.5,-0.1651532591239063,11.0,166.6698760986328
14.652,-34.553998935042905,-58.42387220174174,9443.84559758287,12.739686012268066,-8618.0419921875,-3.981586456298828,14.271238327026367,193.4958038330078,-0.5,-0.5,-0.16588409960545195,11.0,166.958984375
14.701,-34.55400223963488,-58.42387062759658,9441.824449410662,12.703420639038086,-8616.3486328125,-3.9464616775512695,14.021876335144043,193.96495056152344,-0.5,-0.5,-0.16500210774060178,11.0,167.26046752929688
14.751,-34.55400567318176,-58.42386902677099,9439.730918229558,12.66417121887207,-8614.6455078125,-3.9235336780548096,13.740415573120117,194.41302490234375,-0.5,-0.5,-0.16467910717458673,11.0,167.57215881347656
14.801,-34.554009572633426,-58.423867372584546,9437.360869903117,12.616055488586426,-8612.685546875,-3.9105305671691895,13.448308944702148,194.86538696289062,-0.5,-0.5,-0.1643232333888049,11.0,167.93406677246094
14.851,-34.554013007787034,-58.423865905161094,9435.2795225,12.57233715057373,-8610.97265625,-3.9077277183532715,13.255789756774902,195.21127319335938,-0.5,-0.5,-0.16348120645284195,11.0,168.239990234375
14.902,-34.5540168105227,-58.423864331015935,9432.982382612303,12.523042678833008,-8609.080078125,-3.911559581756592,13.141840934753418,195.5408935546875,-0.5,-0.5,-0.16270505699457338,11.0,168.5449676513672
14.951,-34.55402019193285,-58.423862996994615,9430.945778618567,12.47882080078125,-8607.380859375,-3.9205310344696045,13.136442184448242,195.8003692626953,-0.5,-0.5,-0.1622214503761371,11.0,168.79330444335938
15.001,-34.55402363509187,-58.42386166297329,9428.877727454528,12.434104919433594,-8605.6298828125,-3.934972047805786,13.218994140625,196.0486602783203,-0.5,-0.5,-0.16193628061771614,11.0,169.00982666015625
15.051,-34.5540275864787,-58.423860248910685,9426.511509156786,12.385744094848633,-8603.654296875,-3.957339286804199,13.399735450744629,196.33175659179688,-0.5,-0.5,-0.1623427109505677,11.0,169.2317352294922
15.101,-34.55403107833842,-58.42385902161107,9424.426720092073,12.345705032348633,-8601.9072265625,-3.9817636013031006,13.60287857055664,196.5956573486328,-0.5,-0.5,-0.16271403400267542,11.0,169.4241485595703
15.151,-34.55403460825454,-58.42385784767231,9422.324966982007,12.306821823120117,-8600.0595703125,-4.010272979736328,13.810250282287598,196.8880157470703,-0.5,-0.5,-0.16356499857292114,11.0,169.59426879882812
15.201,-34.55403865455274,-58.423856540331414,9419.922385283746,12.265445709228516,-8597.8701171875,-4.0462565422058105,14.00218391418457,197.2659912109375,-0.5,-0.5,-0.16469632557785868,11.0,169.81427001953125
15.252,-34.55404212019502,-58.423855446433926,9417.869589787908,12.232848167419434,-8595.9228515625,-4.076410293579102,14.09793758392334,197.625,-0.5,-0.5,-0.16587883491474936,11.0,170.02667236328125
15.302,-34.55404552678413,-58.42385445925815,9415.855727849528,12.202977180480957,-8593.9169921875,-4.100850582122803,14.115950584411621,198.00157165527344,-0.5,-0.5,-0.16623419590347233,11.0,170.2439727783203
15.351,-34.554049547085064,-58.423853311999814,9413.483696389012,12.172449111938477,-8591.599609375,-4.117809772491455,14.038729667663574,198.4696502685547,-0.5,-0.5,-0.16741510871626875,11.0,170.52857971191406
15.401,-34.5540530335465,-58.42385235150446,9411.430400917307,12.149258613586426,-8589.6015625,-4.116878509521484,13.898541450500488,198.8881378173828,-0.5,-0.5,-0.1679874166452731,11.0,170.78732299804688
15.451,-34.55405688837741,-58.423851364328684,9409.163960563019,12.126114845275879,-8587.373046875,-4.093390941619873,13.6903657913208,199.3523406982422,-0.5,-0.5,-0.16846101640979688,11.0,171.08436584472656
15.5,-34.55406069120875,-58.42385048387461,9406.931788990274,12.108003616333008,-8585.439453125,-4.043893814086914,13.465838432312012,199.7996368408203,-0.5,-0.5,-0.169718354202547,11.0,171.34414672851562
15.552,-34.55406454442918,-58.423849603420535,9404.673661500216,12.08668327331543,-8582.9482421875,-3.9666616916656494,13.26213550567627,200.23219299316406,-0.5,-0.5,-0.1675054163006403,11.0,171.6580810546875
15.601,-34.55406806178431,-58.42384882968817,9402.615589614958,12.070845603942871,-8580.9814453125,-3.8760221004486084,13.128898620605469,200.6107635498047,-0.5,-0.5,-0.1685990064226942,11.0,171.88365173339844
15.652,-34.55407195397804,-58.42384810931666,9400.341959910467,12.05312442779541,-8578.7265625,-3.759056806564331,13.068817138671875,201.0155487060547,-0.5,-0.5,-0.1684788535388352,11.0,172.10403442382812
15.702,-34.55407542512267,-58.42384746898642,9398.31781555619,12.037398338317871,-8576.734375,-3.645195722579956,13.10838508605957,201.36656188964844,-0.5,-0.5,-0.1687896411933568,11.0,172.27906799316406
15.751,-34.554078788584064,-58.42384685533661,9396.359629955143,12.020892143249512,-8574.69921875,-3.5321412086486816,13.231732368469238,201.7045135498047,-0.5,-0.5,-0.168604464957117,11.0,172.39242553710938
15.8,-34.554082821243014,-58.42384621500638,9394.015520403162,11.999855995178223,-8572.212890625,-3.4012210369110107,13.4686861038208,202.11961364746094,-0.5,-0.5,-0.1694094708666513,11.0,172.520263671875
15.852,-34.55408632766777,-58.42384568139785,9391.98032626696,11.98025894165039,-8570.0146484375,-3.298326015472412,13.712636947631836,202.501708984375,-0.5,-0.5,-0.17001874370292666,11.0,172.638671875
15.902,-34.55409036213051,-58.42384517446975,9389.641554816626,11.955198287963867,-8567.3505859375,-3.1991775035858154,13.959569931030273,202.9768524169922,-0.5,-0.5,-0.17120645170787838,11.0,172.7666015625
15.95,-34.55409190249544,-58.42384498770676,9388.749320545234,11.92083740234375,-8563.9189453125,-3.167754650115967,14.0263032913208,203.16964721679688,-0.5,-0.5,-0.1666881470491711,11.0,172.9292449951172
16.001,-34.55409892591347,-58.42384424065482,9384.687333908863,11.8921537399292,-8561.1298828125,-3.075627088546753,14.031825065612793,204.12684631347656,-0.5,-0.5,-0.18310081714019313,11.0,173.2665252685547
16.051,-34.55410236622935,-58.42384389380928,9382.700228794478,11.868800163269043,-8558.884765625,-3.052884578704834,13.826547622680664,204.61849975585938,-0.5,-0.5,-0.17322583029523345,11.0,173.47982788085938
16.101,-34.55410236622935,-58.42384389380928,9382.700228794478,11.868800163269043,-8558.884765625,-3.052884578704834,13.826547622680664,204.61849975585938,-0.5,-0.5,-0.1636947998046875,11.0,173.47982788085938
16.152,-34.55410236622935,-58.42384389380928,9382.700228794478,11.868800163269043,-8558.884765625,-3.052884578704834,13.826547622680664,204.61849975585938,-0.5,-0.5,-0.1636947998046875,11.0,173.47982788085938
16.202,-34.55410236622935,-58.42384389380928,9382.700228794478,11.868800163269043,-8558.884765625,-3.052884578704834,13.826547622680664,204.61849975585938,-0.5,-0.5,-0.1636947998046875,11.0,173.47982788085938
16.251,-34.55410236622935,-58.42384389380928,9382.700228794478,11.868800163269043,-8558.884765625,-3.052884578704834,13.826547622680664,204.61849975585938,-0.5,-0.5,-0.1636947998046875,11.0,173.47982788085938
16.301,-34.55410236622935,-58.42384389380928,9382.700228794478,11.868800163269043,-8558.884765625,-3.052884578704834,13.826547622680664,204.61849975585938,-0.5,-0.5,-0.1636947998046875,11.0,173.47982788085938
16.351,-34.55410236622935,-58.42384389380928,9382.700228794478,11.868800163269043,-8558.884765625,-3.052884578704834,13.826547622680664,204.61849975585938,-0.5,-0.5,-0.1636947998046875,11.0,173.47982788085938
16.4,-34.55410236622935,-58.42384389380928,9382.700228794478,11.868800163269043,-8558.884765625,-3.052884578704834,13.826547622680664,204.61849975585938,-0.5,-0.5,-0.1636947998046875,11.0,173.47982788085938
16.45,-34.55410236622935,-58.42384389380928,9382.700228794478,11.868800163269043,-8558.884765625,-3.052884578704834,13.826547622680664,204.61849975585938,-0.5,-0.5,-0.1636947998046875,11.0,173.47982788085938
16.5,-34.55410236622935,-58.42384389380928,9382.700228794478,11.868800163269043,-8558.884765625,-3.052884578704834,13.826547622680664,204.61849975585938,-0.5,-0.5,-0.1636947998046875,11.0,173.47982788085938
16.551,-34.55410236622935,-58.42384389380928,9382.700228794478,11.868800163269043,-8558.884765625,-3.052884578704834,13.826547622680664,204.61849975585938,-0.5,-0.5,-0.1636947998046875,11.0,173.47982788085938
16.6,-34.55410236622935,-58.42384389380928,9382.700228794478,11.868800163269043,-8558.884765625,-3.052884578704834,13.826547622680664,204.61849975585938,-0.5,-0.5,-0.1636947998046875,11.0,173.47982788085938
16.651,-34.55410236622935,-58.42384389380928,9382.700228794478,11.868800163269043,-8558.884765625,-3.052884578704834,13.826547622680664,204.61849975585938,-0.5,-0.5,-0.1636947998046875,11.0,173.47982788085938
16.702,-34.55410236622935,-58.42384389380928,9382.700228794478,11.868800163269043,-8558.884765625,-3.052884578704834,13.826547622680664,204.61849975585938,-0.5,-0.5,-0.1636947998046875,11.0,173.47982788085938
16.751,-34.55410236622935,-58.42384389380928,9382.700228794478,11.868800163269043,-8558.884765625,-3.052884578704834,13.826547622680664,204.61849975585938,-0.5,-0.5,-0.1636947998046875,11.0,173.47982788085938
16.8,-34.55410236622935,-58.42384389380928,9382.700228794478,11.868800163269043,-8558.884765625,-3.052884578704834,13.826547622680664,204.61849975585938,-0.5,-0.5,-0.1636947998046875,11.0,173.47982788085938
16.852,-34.55410236622935,-58.42384389380928,9382.700228794478,11.868800163269043,-8558.884765625,-3.052884578704834,13.826547622680664,204.61849975585938,-0.5,-0.5,-0.1636947998046875,11.0,173.47982788085938
16.901,-34.55410236622935,-58.42384389380928,9382.700228794478,11.868800163269043,-8558.884765625,-3.052884578704834,13.826547622680664,204.61849975585938,-0.5,-0.5,-0.1636947998046875,11.0,173.47982788085938
16.95,-34.55410236622935,-58.42384389380928,9382.700228794478,11.868800163269043,-8558.884765625,-3.052884578704834,13.826547622680664,204.61849975585938,-0.5,-0.5,-0.1636947998046875,11.0,173.47982788085938
17.001,-34.55410236622935,-58.42384389380928,9382.700228794478,11.868800163269043,-8558.884765625,-3.052884578704834,13.826547622680664,204.61849975585938,-0.5,-0.5,-0.1636947998046875,11.0,173.47982788085938
17.051,-34.55410236622935,-58.42384389380928,9382.700228794478,11.868800163269043,-8558.884765625,-3.052884578704834,13.826547622680664,204.61849975585938,-0.5,-0.5,-0.1636947998046875,11.0,173.47982788085938
17.101,-34.55410236622935,-58.42384389380928,9382.700228794478,11.868800163269043,-8558.884765625,-3.052884578704834,13.826547622680664,204.61849975585938,-0.5,-0.5,-0.1636947998046875,11.0,173.47982788085938
17.15,-34.55410236622935,-58.42384389380928,9382.700228794478,11.868800163269043,-8558.884765625,-3.052884578704834,13.826547622680664,204.61849975585938,-0.5,-0.5,-0.1636947998046875,11.0,173.47982788085938
17.201,-34.55410236622935,-58.42384389380928,9382.700228794478,11.868800163269043,-8558.884765625,-3.052884578704834,13.826547622680664,204.61849975585938,-0.5,-0.5,-0.1636947998046875,11.0,173.47982788085938
17.251,-34.55410236622935,-58.42384389380928,9382.700228794478,11.868800163269043,-8558.884765625,-3.052884578704834,13.826547622680664,204.61849975585938,-0.5,-0.5,-0.1636947998046875,11.0,173.47982788085938
