tiempo_s,airspeed_kts,altitud_ft,climb_rate_fpm,pitch_deg,roll_deg,heading_deg,collective_deg,pitch_cmd,roll_cmd,yaw_cmd,torque,prop_ratio,peso_fijo_kg,combustible_kg,CG
0.02,0.89,4425.4,-2688.8,-2.634,6.473,7.9,-4.0,-0.7,-0.0523,-0.0053,1.75,352.5746765136719,0.23284053802490234,345.637451171875,87.6865234375,-0.044131550937891006
0.05,0.92,4424.3,-2708.7,-2.674,6.558,8.0,1.75,-0.7,-0.0533,-0.0163,7.5,304.7418518066406,0.4243590235710144,345.637451171875,87.6865234375,-0.044131550937891006
0.07,0.95,4423.2,-2666.3,-2.717,6.612,8.2,7.5,-0.7,-0.054,-0.0213,11.0,259.634033203125,0.6159399747848511,345.637451171875,87.6865234375,-0.044131550937891006
0.1,0.98,4422.2,-2604.0,-2.772,6.609,8.3,11.0,-0.7,-0.0543,-0.0256,11.0,320.4588317871094,0.7330422401428223,345.637451171875,87.6865234375,-0.044131550937891006
0.12,1.01,4421.1,-2521.7,-2.869,6.522,8.4,11.0,-0.7,-0.054,-0.0312,11.0,401.3590087890625,0.7354340553283691,345.637451171875,87.6865234375,-0.044131550937891006
0.15,1.04,4420.1,-2446.5,-3.011,6.353,8.6,11.0,-0.7,-0.053,-0.0394,11.0,500.54510498046875,0.738201379776001,345.637451171875,87.6865234375,-0.044131550937891006
0.17,1.08,4419.0,-2371.6,-3.217,6.116,8.8,11.0,-0.7,-0.0514,-0.0487,11.0,610.3347778320312,0.743463933467865,345.637451171875,87.6865234375,-0.044131550937891006
0.22,1.15,4417.3,-2242.0,-3.726,5.663,9.2,11.0,-0.7,-0.0482,-0.0665,11.0,823.3826904296875,0.7553139328956604,345.637451171875,87.6865234375,-0.044131550937891006
0.24,1.18,4416.5,-2179.3,-4.053,5.479,9.3,11.0,-0.7,-0.047,-0.0704,11.0,929.9985961914062,0.7593779563903809,345.637451171875,87.6865234375,-0.044131550937891006
0.27,1.23,4415.6,-2114.7,-4.451,5.347,9.5,11.0,-0.7,-0.0462,-0.0767,11.0,1048.5394287109375,0.7589843273162842,345.637451171875,87.6865234375,-0.044131550937891006
0.29,1.28,4414.8,-2052.0,-4.912,5.3,9.7,11.0,-0.7,-0.0461,-0.0843,11.0,1179.6434326171875,0.7634164094924927,345.637451171875,87.6865234375,-0.044131550937891006
0.32,1.33,4414.0,-1996.6,-5.373,5.335,9.8,11.0,-0.7,-0.0466,-0.0897,11.0,1311.339599609375,0.7631723880767822,345.637451171875,87.6865234375,-0.044131550937891006
0.34,1.38,4413.2,-1943.2,-5.887,5.438,10.0,11.0,-0.7,-0.0477,-0.0975,11.0,1454.703369140625,0.7638074159622192,345.637451171875,87.6865234375,-0.044131550937891006
0.36,1.44,4412.4,-1894.7,-6.428,5.578,10.2,11.0,-0.7,-0.0491,-0.1054,11.0,1607.6805419921875,0.7655446529388428,345.637451171875,87.6865234375,-0.044131550937891006
0.39,1.51,4411.6,-1849.6,-7.0,5.728,10.4,11.0,-0.7,-0.0506,-0.1149,11.0,1773.64599609375,0.7675539255142212,345.637451171875,87.6865234375,-0.044131550937891006
0.41,1.58,4410.8,-1810.6,-7.558,5.855,10.6,11.0,-0.7,-0.0519,-0.124,11.0,1943.509033203125,0.7708321809768677,345.637451171875,87.6865234375,-0.044131550937891006
0.44,1.65,4410.1,-1774.8,-8.126,5.952,10.9,11.0,-0.7,-0.053,-0.1336,11.0,2123.41845703125,0.7746490240097046,345.637451171875,87.6865234375,-0.044131550937891006
0.46,1.74,4409.3,-1740.5,-8.724,6.014,11.1,11.0,-0.7,-0.0538,-0.1433,11.0,2321.81982421875,0.7784546613693237,345.637451171875,87.6865234375,-0.044131550937891006
0.49,1.82,4408.6,-1710.9,-9.284,6.034,11.3,11.0,-0.7,-0.0543,-0.1521,11.0,2522.072265625,0.7815989255905151,345.637451171875,87.6865234375,-0.044131550937891006
0.52,1.91,4407.9,-1684.0,-9.836,6.025,11.5,11.0,-0.7,-0.0545,-0.1592,11.0,2731.875244140625,0.7848629951477051,345.637451171875,87.6865234375,-0.044131550937891006
0.54,2.01,4407.2,-1657.5,-10.416,5.996,11.8,11.0,-0.7,-0.0546,-0.1684,11.0,2965.994873046875,0.7878618240356445,345.637451171875,87.6865234375,-0.044131550937891006
0.57,2.12,4406.5,-1633.0,-10.983,5.959,12.0,11.0,-0.7,-0.0546,-0.1768,11.0,3213.8388671875,0.790368914604187,345.637451171875,87.67076110839844,-0.04413396865129471
0.59,2.23,4405.8,-1610.1,-11.54,5.925,12.2,11.0,-0.7,-0.0546,-0.1854,11.0,3477.630126953125,0.7949325442314148,345.637451171875,87.67076110839844,-0.04413420706987381
0.62,2.35,4405.1,-1588.5,-12.093,5.902,12.4,11.0,-0.7,-0.0548,-0.1944,11.0,3760.8544921875,0.7954870462417603,345.637451171875,87.67076110839844,-0.04413420706987381
0.65,2.48,4404.4,-1567.9,-12.636,5.891,12.7,11.0,-0.7,-0.055,-0.2062,11.0,4063.27734375,0.7984021902084351,345.637451171875,87.67076110839844,-0.04413420706987381
0.67,2.6,4403.7,-1548.4,-13.16,5.894,12.9,11.0,-0.7,-0.0553,-0.218,11.0,4381.22900390625,0.8019108772277832,345.637451171875,87.67076110839844,-0.04413420706987381
0.7,2.73,4403.1,-1530.5,-13.647,5.912,13.2,11.0,-0.7,-0.0558,-0.2294,11.0,4703.85693359375,0.8054828643798828,345.637451171875,87.67076110839844,-0.04413420706987381
0.72,2.87,4402.4,-1512.1,-14.145,5.949,13.5,11.0,-0.7,-0.0564,-0.2421,11.0,5061.11572265625,0.8095173835754395,345.637451171875,87.67076110839844,-0.04413420706987381
0.75,3.01,4401.8,-1494.7,-14.611,6.001,13.8,11.0,-0.7,-0.0571,-0.2565,11.0,5428.544921875,0.8132545948028564,345.637451171875,87.67076110839844,-0.04413420706987381
0.77,3.15,4401.1,-1476.8,-15.078,6.067,14.2,11.0,-0.7,-0.0579,-0.2707,11.0,5829.4716796875,0.81689453125,345.637451171875,87.67076110839844,-0.04413420706987381
0.8,3.3,4400.5,-1460.4,-15.517,6.139,14.5,11.0,-0.7,-0.0588,-0.2857,11.0,6243.09619140625,0.8207948207855225,345.637451171875,87.67076110839844,-0.04413420706987381
0.83,3.45,4399.9,-1444.1,-15.945,6.216,14.9,11.0,-0.7,-0.0597,-0.3003,11.0,6684.84521484375,0.8251245617866516,345.637451171875,87.67076110839844,-0.04413420706987381
0.85,3.61,4399.3,-1428.1,-16.363,6.295,15.3,11.0,-0.7,-0.0607,-0.3177,11.0,7157.40478515625,0.8293207883834839,345.637451171875,87.67076110839844,-0.04413420706987381
0.88,3.77,4398.7,-1411.6,-16.781,6.376,15.7,11.0,-0.7,-0.0617,-0.3352,11.0,7677.91748046875,0.8336256146430969,345.637451171875,87.67076110839844,-0.04413420706987381
0.9,3.93,4398.1,-1395.5,-17.179,6.449,16.2,11.0,-0.7,-0.0626,-0.354,11.0,8220.7490234375,0.8379133939743042,345.637451171875,87.67076110839844,-0.04413420706987381
0.93,4.1,4397.5,-1379.4,-17.564,6.512,16.6,11.0,-0.7,-0.0634,-0.3714,11.0,8798.611328125,0.8429365158081055,345.637451171875,87.67076110839844,-0.04413420706987381
0.95,4.28,4396.9,-1361.8,-17.971,6.569,17.1,11.0,-0.7,-0.0642,-0.3958,11.0,9472.435546875,0.8519414663314819,345.637451171875,87.67076110839844,-0.04413420706987381
0.98,4.46,4396.3,-1345.2,-18.347,6.603,17.7,11.0,-0.7,-0.0648,-0.4188,11.0,10152.203125,0.8530670404434204,345.637451171875,87.67076110839844,-0.04413420706987381
1.0,4.64,4395.8,-1328.7,-18.708,6.613,18.3,11.0,-0.7,-0.0652,-0.4421,11.0,10804.53515625,0.858069896697998,345.637451171875,87.67076110839844,-0.04413420706987381
1.03,4.82,4395.2,-1312.5,-19.061,6.598,18.9,11.0,-0.7,-0.0655,-0.4652,11.0,11427.572265625,0.8647425770759583,345.637451171875,87.67076110839844,-0.04413420706987381
1.06,5.02,4394.6,-1295.5,-19.427,6.551,19.5,11.0,-0.7,-0.0654,-0.4958,11.0,12055.4833984375,0.8708654642105103,345.637451171875,87.67076110839844,-0.04413420706987381
1.08,5.22,4394.1,-1279.0,-19.779,6.472,20.2,11.0,-0.7,-0.0651,-0.5275,11.0,12637.2841796875,0.8762714266777039,345.637451171875,87.67076110839844,-0.04413420706987381
1.11,5.4,4393.5,-1264.0,-20.096,6.372,20.9,11.0,-0.7,-0.0647,-0.5521,11.0,13134.57421875,0.8811624050140381,345.637451171875,87.67076110839844,-0.04413420706987381
1.14,5.61,4393.0,-1247.1,-20.442,6.228,21.7,11.0,-0.7,-0.0639,-0.5818,11.0,13656.0732421875,0.8875021934509277,345.637451171875,87.67076110839844,-0.04413420706987381
1.17,5.84,4392.4,-1229.9,-20.79,6.048,22.5,11.0,-0.7,-0.0628,-0.6212,11.0,14150.0546875,0.8940802216529846,345.637451171875,87.67076110839844,-0.04413420706987381
1.19,6.06,4391.8,-1212.8,-21.127,5.842,23.4,11.0,-0.7,-0.0615,-0.6581,11.0,14596.625,0.8992785215377808,345.637451171875,87.67076110839844,-0.04413420706987381
1.22,6.29,4391.2,-1196.4,-21.446,5.618,24.3,11.0,-0.7,-0.06,-0.698,11.0,14990.28515625,0.9054964780807495,345.637451171875,87.67076110839844,-0.04413420706987381
1.25,6.5,4390.7,-1181.0,-21.735,5.397,25.2,11.0,-0.7,-0.0585,-0.7338,11.0,15319.6640625,0.9137440919876099,345.637451171875,87.67076110839844,-0.04413420706987381
1.27,6.71,4390.2,-1165.8,-22.006,5.175,26.1,11.0,-0.7,-0.057,-0.7717,11.0,15607.64453125,0.9215476512908936,345.637451171875,87.67076110839844,-0.04413420706987381
1.3,6.93,4389.7,-1149.9,-22.273,4.946,27.1,11.0,-0.7,-0.0554,-0.8062,11.0,15871.7255859375,0.9300973415374756,345.637451171875,87.67076110839844,-0.04413420706987381
1.32,7.16,4389.2,-1133.1,-22.539,4.711,28.0,11.0,-0.7,-0.0537,-0.8491,11.0,16116.638671875,0.9378703832626343,345.637451171875,87.67076110839844,-0.04413420706987381
1.35,7.37,4388.8,-1117.2,-22.774,4.504,29.0,11.0,-0.7,-0.0523,-0.8848,11.0,16314.119140625,0.9462183117866516,345.637451171875,87.67076110839844,-0.04413420706987381
1.37,7.59,4388.3,-1100.8,-23.003,4.303,29.9,11.0,-0.7,-0.0509,-0.9213,11.0,16493.775390625,0.9539583325386047,345.637451171875,87.67076110839844,-0.04413420706987381
1.4,7.81,4387.8,-1083.5,-23.228,4.107,30.8,11.0,-0.7,-0.0496,-0.9574,11.0,16658.177734375,0.9637335538864136,345.637451171875,87.67076110839844,-0.04413420706987381
1.43,8.04,4387.4,-1066.1,-23.442,3.924,31.7,11.0,-0.7,-0.0483,-0.9884,11.0,16800.390625,0.9720690846443176,345.637451171875,87.67076110839844,-0.04413420706987381
1.46,8.3,4386.8,-1045.7,-23.677,3.717,32.7,11.0,-0.7,-0.0469,-1.0,11.0,16945.880859375,0.9807156324386597,345.637451171875,87.67076110839844,-0.04413420706987381
1.48,8.53,4386.4,-1028.0,-23.868,3.55,33.6,11.0,-0.7,-0.0457,-1.0,11.0,17048.35546875,0.9894567131996155,345.637451171875,87.67076110839844,-0.04413420706987381
1.51,8.76,4386.0,-1009.5,-24.061,3.388,34.4,11.0,-0.7,-0.0446,-1.0,11.0,17143.6875,0.9971164464950562,345.637451171875,87.67076110839844,-0.04413420706987381
1.53,9.03,4385.5,-988.7,-24.266,3.222,35.2,11.0,-0.7,-0.0435,-1.0,11.0,17236.46484375,1.0,345.637451171875,87.67076110839844,-0.04413420706987381
1.56,9.27,4385.1,-970.4,-24.443,3.085,36.0,11.0,-0.7,-0.0425,-1.0,11.0,17303.748046875,1.0,345.637451171875,87.67076110839844,-0.04413420706987381
1.59,9.51,4384.6,-951.6,-24.619,2.957,36.6,11.0,-0.7,-0.0417,-1.0,11.0,17363.04296875,1.0,345.637451171875,87.65501403808594,-0.044107720255851746
1.61,9.77,4384.2,-931.2,-24.807,2.828,37.3,11.0,-0.7,-0.0408,-1.0,11.0,17418.96875,1.0,345.637451171875,87.63800048828125,-0.04412339627742767
1.64,10.0,4383.8,-912.7,-24.977,2.722,37.9,11.0,-0.7,-0.0401,-1.0,11.0,17458.986328125,1.0,345.637451171875,87.62261962890625,-0.044136788696050644
1.67,10.24,4383.4,-894.4,-25.144,2.63,38.5,11.0,-0.7,-0.0395,-1.0,11.0,17492.580078125,1.0,345.637451171875,87.60749816894531,-0.044149961322546005
1.69,10.49,4383.0,-875.0,-25.324,2.55,39.1,11.0,-0.7,-0.039,-1.0,11.0,17523.904296875,1.0,345.637451171875,87.5994644165039,-0.04415695741772652
1.72,10.74,4382.7,-855.7,-25.503,2.49,39.6,11.0,-0.7,-0.0386,-1.0,11.0,17548.865234375,1.0,345.637451171875,87.5994644165039,-0.04415695741772652
1.74,10.98,4382.3,-836.8,-25.683,2.451,40.1,11.0,-0.7,-0.0384,-1.0,11.0,17568.421875,1.0,345.637451171875,87.5994644165039,-0.04415695741772652
1.77,11.22,4382.0,-818.9,-25.857,2.43,40.6,11.0,-0.7,-0.0384,-1.0,11.0,17582.9765625,1.0,345.637451171875,87.5994644165039,-0.04415695741772652
1.8,11.45,4381.6,-801.0,-26.036,2.426,41.0,11.0,-0.7,-0.0385,-1.0,11.0,17595.1015625,1.0,345.637451171875,87.5994644165039,-0.04415695741772652
1.82,11.74,4381.2,-779.5,-26.258,2.441,41.4,11.0,-0.7,-0.0387,-1.0,11.0,17609.3515625,1.0,345.637451171875,87.5994644165039,-0.04415695741772652
1.85,11.97,4380.9,-761.7,-26.447,2.468,41.9,11.0,-0.7,-0.0391,-1.0,11.0,17614.4765625,1.0,345.637451171875,87.5994644165039,-0.04415695741772652
1.87,12.23,4380.6,-742.6,-26.66,2.512,42.3,11.0,-0.7,-0.0396,-1.0,11.0,17620.4609375,1.0,345.637451171875,87.5994644165039,-0.04415695741772652
1.9,12.48,4380.3,-724.9,-26.865,2.564,42.6,11.0,-0.7,-0.0401,-1.0,11.0,17623.259765625,1.0,345.637451171875,87.5994644165039,-0.04415695741772652
1.92,12.73,4380.0,-707.0,-27.082,2.624,42.9,11.0,-0.7,-0.0407,-1.0,11.0,17625.361328125,1.0,345.637451171875,87.5994644165039,-0.04415695741772652
1.95,12.97,4379.7,-690.4,-27.293,2.688,43.3,11.0,-0.7,-0.0414,-1.0,11.0,17625.3046875,1.0,345.637451171875,87.5994644165039,-0.04415695741772652
1.98,13.22,4379.4,-672.9,-27.526,2.765,43.5,11.0,-0.7,-0.0421,-1.0,11.0,17625.501953125,1.0,345.637451171875,87.5994644165039,-0.04415695741772652
2.0,13.47,4379.1,-656.4,-27.757,2.849,43.8,11.0,-0.7,-0.0429,-1.0,11.0,17624.021484375,1.0,345.637451171875,87.5994644165039,-0.04415695741772652
2.02,13.72,4378.8,-640.0,-28.0,2.947,44.1,11.0,-0.7,-0.0439,-1.0,11.0,17622.23828125,1.0,345.637451171875,87.5994644165039,-0.04415695741772652
2.05,13.96,4378.5,-624.7,-28.237,3.05,44.3,11.0,-0.7,-0.0448,-1.0,11.0,17619.46484375,1.0,345.637451171875,87.5994644165039,-0.04415695741772652
2.08,14.21,4378.3,-609.5,-28.486,3.164,44.5,11.0,-0.7,-0.0459,-1.0,11.0,17616.6015625,1.0,345.637451171875,87.5994644165039,-0.04415695741772652
2.1,14.45,4378.0,-594.9,-28.743,3.287,44.6,11.0,-0.7,-0.0471,-1.0,11.0,17613.23046875,1.0,345.637451171875,87.5994644165039,-0.04415695741772652
2.13,14.71,4377.8,-580.1,-29.017,3.427,44.8,11.0,-0.7,-0.0484,-1.0,11.0,17609.75,1.0,345.637451171875,87.5994644165039,-0.04415695741772652
2.15,14.96,4377.5,-566.1,-29.295,3.578,44.9,11.0,-0.7,-0.0497,-1.0,11.0,17605.75,1.0,345.637451171875,87.5994644165039,-0.04415695741772652
2.18,15.21,4377.3,-552.9,-29.576,3.739,45.0,11.0,-0.7,-0.0512,-1.0,11.0,17601.55859375,1.0,345.637451171875,87.5994644165039,-0.04415695741772652
2.2,15.45,4377.1,-540.2,-29.865,3.914,45.1,11.0,-0.7,-0.0528,-1.0,11.0,17597.478515625,1.0,345.637451171875,87.5994644165039,-0.04415695741772652
2.23,15.71,4376.8,-527.8,-30.171,4.108,45.2,11.0,-0.7,-0.0546,-1.0,11.0,17593.55859375,1.0,345.637451171875,87.5994644165039,-0.04415695741772652
2.25,15.97,4376.6,-515.5,-30.499,4.323,45.2,11.0,-0.7,-0.0565,-1.0,11.0,17589.591796875,1.0,345.637451171875,87.5994644165039,-0.04415695741772652
2.28,16.24,4376.4,-504.0,-30.838,4.553,45.3,11.0,-0.7,-0.0586,-1.0,11.0,17585.443359375,1.0,345.637451171875,87.5994644165039,-0.04415695741772652
2.31,16.51,4376.1,-493.2,-31.187,4.79,45.3,11.0,-0.7,-0.0608,-1.0,11.0,17581.234375,1.0,345.637451171875,87.5994644165039,-0.04415695741772652
2.33,16.78,4375.9,-482.8,-31.566,5.04,45.3,11.0,-0.7,-0.063,-1.0,11.0,17577.171875,1.0,345.637451171875,87.5994644165039,-0.04415695741772652
2.36,17.03,4375.7,-474.3,-31.915,5.268,45.3,11.0,-0.7,-0.0651,-1.0,11.0,17572.69140625,1.0,345.637451171875,87.5994644165039,-0.04415695741772652
2.38,17.29,4375.5,-466.4,-32.28,5.505,45.2,11.0,-0.7,-0.0673,-1.0,11.0,17568.7421875,1.0,345.637451171875,87.5994644165039,-0.04415695741772652
2.41,17.54,4375.3,-459.2,-32.662,5.752,45.2,11.0,-0.7,-0.0696,-1.0,11.0,17564.984375,1.0,345.637451171875,87.5994644165039,-0.04415695741772652
2.44,17.81,4375.1,-452.5,-33.075,6.018,45.1,11.0,-0.7,-0.072,-1.0,11.0,17561.302734375,1.0,345.637451171875,87.5994644165039,-0.04415695741772652
2.46,18.08,4374.9,-446.7,-33.499,6.289,45.1,11.0,-0.7,-0.0745,-1.0,11.0,17557.498046875,1.0,345.637451171875,87.5994644165039,-0.04415695741772652
2.49,18.35,4374.7,-441.6,-33.948,6.573,45.0,11.0,-0.7,-0.0771,-1.0,11.0,17553.794921875,1.0,345.637451171875,87.5994644165039,-0.04415695741772652
2.52,18.61,4374.5,-437.7,-34.383,6.847,44.9,11.0,-0.7,-0.0797,-1.0,11.0,17550.10546875,1.0,345.637451171875,87.5994644165039,-0.04415695741772652
2.54,18.88,4374.3,-434.4,-34.854,7.144,44.8,11.0,-0.7,-0.0824,-1.0,11.0,17546.74609375,1.0,345.637451171875,87.5994644165039,-0.04415695741772652
2.57,19.13,4374.1,-432.3,-35.3,7.427,44.7,11.0,-0.7,-0.0851,-1.0,11.0,17543.3828125,1.0,345.637451171875,87.5994644165039,-0.04415695741772652
2.59,19.4,4373.9,-431.0,-35.793,7.74,44.5,11.0,-0.7,-0.088,-1.0,11.0,17540.34375,1.0,345.637451171875,87.58324432373047,-0.04412797465920448
2.62,19.65,4373.7,-430.6,-36.27,8.046,44.4,11.0,-0.7,-0.0909,-1.0,11.0,17537.205078125,1.0,345.637451171875,87.5678939819336,-0.044142257422208786
2.65,19.93,4373.5,-431.1,-36.794,8.386,44.2,11.0,-0.7,-0.094,-1.0,11.0,17534.279296875,1.0,345.637451171875,87.55135345458984,-0.044156670570373535
2.67,20.18,4373.3,-432.4,-37.282,8.709,44.0,11.0,-0.7,-0.097,-1.0,11.0,17531.234375,1.0,345.637451171875,87.53620147705078,-0.04416986554861069
2.7,20.43,4373.1,-434.5,-37.776,9.042,43.7,11.0,-0.7,-0.1002,-1.0,11.0,17528.421875,1.0,345.637451171875,87.52865600585938,-0.04417644068598747
2.72,20.69,4372.9,-437.7,-38.311,9.409,43.5,11.0,-0.7,-0.1036,-1.0,11.0,17525.791015625,1.0,345.637451171875,87.52865600585938,-0.04417644068598747
2.75,20.96,4372.7,-441.9,-38.855,9.792,43.2,11.0,-0.7,-0.1072,-1.0,11.0,17523.080078125,1.0,345.637451171875,87.52865600585938,-0.04417644068598747
2.77,21.21,4372.5,-446.8,-39.378,10.167,42.9,11.0,-0.7,-0.1107,-1.0,11.0,17520.3515625,1.0,345.637451171875,87.52865600585938,-0.04417644068598747
2.8,21.46,4372.3,-452.7,-39.909,10.552,42.6,11.0,-0.7,-0.1143,-1.0,11.0,17517.779296875,1.0,345.637451171875,87.52865600585938,-0.04417644068598747
2.83,21.71,4372.1,-459.7,-40.447,10.943,42.2,11.0,-0.7,-0.118,-1.0,11.0,17515.234375,1.0,345.637451171875,87.52865600585938,-0.04417644068598747
2.85,21.98,4371.9,-468.4,-41.026,11.364,41.9,11.0,-0.7,-0.122,-1.0,11.0,17512.701171875,1.0,345.637451171875,87.52865600585938,-0.04417644068598747
2.88,22.22,4371.7,-477.6,-41.562,11.744,41.5,11.0,-0.7,-0.1256,-1.0,11.0,17509.990234375,1.0,345.637451171875,87.52865600585938,-0.04417644068598747
2.91,22.46,4371.5,-488.0,-42.111,12.122,41.2,11.0,-0.7,-0.1293,-1.0,11.0,17507.3828125,1.0,345.637451171875,87.52865600585938,-0.04417644068598747
2.93,22.72,4371.3,-500.2,-42.706,12.522,40.8,11.0,-0.7,-0.1332,-1.0,11.0,17504.75,1.0,345.637451171875,87.52865600585938,-0.04417644068598747
2.96,22.99,4371.0,-514.4,-43.334,12.939,40.4,11.0,-0.7,-0.1372,-1.0,11.0,17501.888671875,1.0,345.637451171875,87.52865600585938,-0.04417644068598747
2.98,23.23,4370.8,-528.5,-43.908,13.321,40.0,11.0,-0.7,-0.1409,-1.0,11.0,17498.73828125,1.0,345.637451171875,87.52865600585938,-0.04417644068598747
3.01,23.47,4370.6,-543.8,-44.491,13.714,39.6,11.0,-0.7,-0.1448,-1.0,11.0,17495.6875,1.0,345.637451171875,87.52865600585938,-0.04417644068598747
3.04,23.71,4370.3,-560.4,-45.076,14.113,39.2,11.0,-0.7,-0.1487,-1.0,11.0,17492.580078125,1.0,345.637451171875,87.52865600585938,-0.04417644068598747
3.06,23.96,4370.0,-578.9,-45.695,14.54,38.8,11.0,-0.7,-0.1529,-1.0,11.0,17489.44921875,1.0,345.637451171875,87.52865600585938,-0.04417644068598747
3.09,24.21,4369.8,-598.6,-46.316,14.974,38.3,11.0,-0.7,-0.1572,-1.0,11.0,17486.119140625,1.0,345.637451171875,87.52865600585938,-0.04417644068598747
3.12,24.45,4369.5,-619.0,-46.922,15.401,37.8,11.0,-0.7,-0.1614,-1.0,11.0,17482.626953125,1.0,345.637451171875,87.52865600585938,-0.04417644068598747
3.14,24.67,4369.2,-639.9,-47.518,15.823,37.4,11.0,-0.7,-0.1656,-1.0,11.0,17479.064453125,1.0,345.637451171875,87.52865600585938,-0.04417644068598747
3.17,24.91,4368.9,-662.9,-48.141,16.27,36.9,11.0,-0.7,-0.17,-1.0,11.0,17475.48828125,1.0,345.637451171875,87.52865600585938,-0.04417644068598747
3.19,25.13,4368.6,-686.0,-48.739,16.708,36.4,11.0,-0.7,-0.1744,-1.0,11.0,17471.6953125,1.0,345.637451171875,87.52865600585938,-0.04417644068598747
3.22,25.36,4368.3,-710.7,-49.355,17.168,35.8,11.0,-0.7,-0.1791,-1.0,11.0,17467.859375,1.0,345.637451171875,87.52865600585938,-0.04417644068598747
3.25,25.59,4367.9,-738.0,-50.008,17.668,35.3,11.0,-0.7,-0.184,-1.0,11.0,17463.82421875,1.0,345.637451171875,87.52865600585938,-0.04417644068598747
3.28,25.83,4367.6,-767.0,-50.676,18.192,34.6,11.0,-0.7,-0.1892,-1.0,11.0,17459.3828125,1.0,345.637451171875,87.52865600585938,-0.04417644068598747
3.3,26.04,4367.2,-794.6,-51.288,18.678,34.0,11.0,-0.7,-0.194,-1.0,11.0,17454.587890625,1.0,345.637451171875,87.52865600585938,-0.04417644068598747
3.33,26.25,4366.9,-823.0,-51.9,19.151,33.4,11.0,-0.7,-0.1989,-1.0,11.0,17449.861328125,1.0,345.637451171875,87.52865600585938,-0.04417644068598747
3.36,26.47,4366.5,-854.9,-52.571,19.662,32.7,11.0,-0.7,-0.204,-0.9739,11.0,17445.029296875,1.0,345.637451171875,87.52865600585938,-0.04417644068598747
3.38,26.68,4366.1,-886.4,-53.212,20.153,32.1,11.0,-0.7,-0.2089,-0.9455,11.0,17439.669921875,1.0,345.637451171875,87.52865600585938,-0.04417644068598747
3.41,26.87,4365.7,-917.1,-53.823,20.625,31.4,11.0,-0.7,-0.2138,-0.9208,11.0,17434.037109375,1.0,345.637451171875,87.52865600585938,-0.04417644068598747
3.43,27.07,4365.2,-950.7,-54.474,21.128,30.7,11.0,-0.7,-0.219,-0.8928,11.0,17428.462890625,0.9934556484222412,345.637451171875,87.52865600585938,-0.04417644068598747
3.46,27.26,4364.8,-983.5,-55.101,21.601,30.0,11.0,-0.7,-0.2239,-0.8635,11.0,17422.1484375,0.986312210559845,345.637451171875,87.52865600585938,-0.04417644068598747
3.49,27.45,4364.3,-1019.3,-55.78,22.076,29.3,11.0,-0.7,-0.2289,-0.8376,11.0,17415.208984375,0.9800549149513245,345.637451171875,87.52865600585938,-0.04417644068598747
3.52,27.65,4363.8,-1056.9,-56.491,22.513,28.6,11.0,-0.7,-0.2336,-0.8093,11.0,17407.12890625,0.9729188680648804,345.637451171875,87.52865600585938,-0.04417644068598747
3.54,27.83,4363.3,-1094.2,-57.204,22.863,28.0,11.0,-0.7,-0.2377,-0.7864,11.0,17397.921875,0.965417742729187,345.637451171875,87.52865600585938,-0.04417644068598747
3.57,28.0,4362.9,-1130.4,-57.904,23.117,27.5,11.0,-0.7,-0.2409,-0.7684,11.0,17387.6875,0.9587717056274414,345.637451171875,87.52865600585938,-0.04417644068598747
3.59,28.18,4362.3,-1171.0,-58.707,23.268,27.0,11.0,-0.7,-0.2433,-0.7532,11.0,17377.087890625,0.9514544010162354,345.637451171875,87.51173400878906,-0.04414760321378708
3.62,28.34,4361.8,-1209.1,-59.472,23.292,26.7,11.0,-0.7,-0.2447,-0.7451,11.0,17364.591796875,0.9455621838569641,345.637451171875,87.49624633789062,-0.04416201636195183
3.65,28.5,4361.2,-1249.7,-60.302,23.188,26.5,11.0,-0.7,-0.2451,-0.7412,11.0,17351.71484375,0.9409329891204834,345.637451171875,87.49624633789062,-0.04416201636195183
3.67,28.65,4360.7,-1289.2,-61.122,22.969,26.4,11.0,-0.7,-0.2445,-0.7417,11.0,17337.716796875,0.9370185136795044,345.637451171875,87.49624633789062,-0.04416201636195183
3.7,28.79,4360.1,-1330.5,-61.989,22.619,26.4,11.0,-0.7,-0.243,-0.7467,11.0,17323.255859375,0.9349796772003174,345.637451171875,87.49624633789062,-0.04416201636195183
3.73,28.94,4359.4,-1374.3,-62.917,22.115,26.6,11.0,-0.7,-0.2401,-0.7572,11.0,17307.97265625,0.9340380430221558,345.637451171875,87.49624633789062,-0.04416201636195183
3.76,29.09,4358.8,-1419.1,-63.868,21.495,26.8,11.0,-0.7,-0.2364,-0.7717,11.0,17291.59375,0.9342344999313354,345.637451171875,87.49624633789062,-0.04416201636195183
3.78,29.22,4358.1,-1464.1,-64.817,20.806,27.2,11.0,-0.7,-0.232,-0.789,11.0,17274.60546875,0.9355696439743042,345.637451171875,87.49624633789062,-0.04416201636195183
3.81,29.36,4357.4,-1512.1,-65.823,20.028,27.6,11.0,-0.7,-0.2268,-0.8082,11.0,17257.525390625,0.938300609588623,345.637451171875,87.49624633789062,-0.04416201636195183
3.83,29.49,4356.7,-1557.4,-66.753,19.305,28.0,11.0,-0.7,-0.2221,-0.8268,11.0,17239.703125,0.9420545697212219,345.637451171875,87.49624633789062,-0.04416201636195183
3.86,29.6,4356.0,-1601.7,-67.644,18.663,28.4,11.0,-0.7,-0.218,-0.8389,11.0,17222.677734375,0.9465175867080688,345.637451171875,87.49624633789062,-0.04416201636195183
3.89,29.71,4355.3,-1647.7,-68.548,18.103,28.7,11.0,-0.7,-0.2144,-0.849,11.0,17206.595703125,0.9514194130897522,345.637451171875,87.49624633789062,-0.04416201636195183
3.91,29.83,4354.5,-1696.1,-69.472,17.69,28.9,11.0,-0.7,-0.212,-0.8521,11.0,17190.587890625,0.9561750888824463,345.637451171875,87.49624633789062,-0.04416201636195183
3.94,29.93,4353.8,-1742.1,-70.324,17.502,28.9,11.0,-0.7,-0.2114,-0.8461,11.0,17174.556640625,0.9592433571815491,345.637451171875,87.49624633789062,-0.04416201636195183
3.97,30.02,4353.0,-1787.7,-71.144,17.544,28.7,11.0,-0.7,-0.2127,-0.831,11.0,17159.619140625,0.961804211139679,345.637451171875,87.49624633789062,-0.04416201636195183
3.99,30.11,4352.2,-1835.5,-71.978,17.848,28.3,11.0,-0.7,-0.2161,-0.8045,11.0,17145.5,0.962568998336792,345.637451171875,87.49624633789062,-0.04416201636195183
4.02,30.2,4351.3,-1885.2,-72.823,18.407,27.6,11.0,-0.7,-0.2215,-0.7665,11.0,17131.29296875,0.9610265493392944,345.637451171875,87.49624633789062,-0.04416201636195183
4.04,30.28,4350.5,-1931.7,-73.593,19.131,26.7,11.0,-0.7,-0.2283,-0.7242,11.0,17116.16015625,0.9571183919906616,345.637451171875,87.49624633789062,-0.04416201636195183
4.07,30.36,4349.6,-1980.3,-74.385,20.041,25.7,11.0,-0.7,-0.2367,-0.6792,11.0,17101.41015625,0.9502363204956055,345.637451171875,87.49624633789062,-0.04416201636195183
4.1,30.43,4348.7,-2031.3,-75.209,21.048,24.4,11.0,-0.7,-0.2458,-0.6196,11.0,17085.869140625,0.9403281807899475,345.637451171875,87.49624633789062,-0.04416201636195183
4.13,30.49,4347.8,-2081.7,-76.027,21.97,23.2,11.0,-0.7,-0.2544,-0.574,11.0,17068.5546875,0.9292006492614746,345.637451171875,87.49624633789062,-0.04416201636195183
4.15,30.55,4346.7,-2135.3,-76.92,22.695,22.1,11.0,-0.7,-0.2615,-0.5303,11.0,17049.892578125,0.9172958135604858,345.637451171875,87.49624633789062,-0.04416201636195183
4.18,30.6,4345.8,-2187.3,-77.825,22.93,21.2,11.0,-0.7,-0.2646,-0.5072,11.0,17028.75,0.9014017581939697,345.637451171875,87.49624633789062,-0.04416201636195183
4.21,30.64,4344.8,-2236.9,-78.734,22.51,20.9,11.0,-0.7,-0.2624,-0.5146,11.0,17006.03125,0.8892381191253662,345.637451171875,87.49624633789062,-0.04416201636195183
4.23,30.68,4343.8,-2288.8,-79.741,21.094,21.4,11.0,-0.7,-0.2522,-0.5602,11.0,16974.86328125,0.8775681257247925,345.637451171875,87.49624633789062,-0.04416201636195183
4.26,30.71,4342.7,-2341.2,-80.789,18.481,22.8,11.0,-0.7,-0.2322,-0.6594,11.0,16237.6630859375,0.8715524673461914,345.637451171875,87.49624633789062,-0.04416201636195183
4.29,30.73,4341.7,-2393.9,-81.836,14.674,25.5,11.0,-0.7,-0.2025,-0.8052,11.0,15617.3740234375,0.8738526105880737,345.637451171875,87.49624633789062,-0.04416201636195183
4.31,30.75,4340.6,-2445.2,-82.809,10.125,29.0,11.0,-0.7,-0.1667,-0.9767,11.0,15107.466796875,0.8862090110778809,345.637451171875,87.49624633789062,-0.04416201636195183
4.34,30.76,4339.4,-2505.3,-83.864,4.8,33.4,11.0,-0.7,-0.1244,-1.0,11.0,14605.908203125,0.9125072956085205,345.637451171875,87.49624633789062,-0.04416201636195183
4.37,30.77,4338.3,-2557.4,-84.725,1.543,37.1,11.0,-0.7,-0.0984,-1.0,11.0,14238.078125,0.9504535794258118,345.637451171875,87.49624633789062,-0.04416201636195183
4.39,30.76,4337.1,-2612.8,-85.623,1.815,38.1,11.0,-0.7,-0.1007,-1.0,11.0,13907.0927734375,0.9941620826721191,345.637451171875,87.49624633789062,-0.04416201636195183
4.42,30.76,4335.9,-2665.1,-86.442,7.906,34.0,11.0,-0.7,-0.1498,-0.8936,11.0,13642.81640625,1.0,345.637451171875,87.49624633789062,-0.04416201636195183
4.45,30.74,4334.6,-2721.4,-87.132,24.778,21.3,11.0,-0.7,-0.2861,-0.0726,11.0,13400.7451171875,1.0,345.637451171875,87.49624633789062,-0.04416201636195183
4.47,30.72,4333.4,-2776.0,-87.287,51.106,357.4,11.0,-0.7,-0.4993,1.0,11.0,13200.76953125,0.9729812741279602,345.637451171875,87.49624633789062,-0.04416201636195183
4.5,30.69,4332.2,-2826.5,-86.806,74.279,332.5,11.0,-0.7,-0.6888,1.0,11.0,13042.7470703125,0.972974419593811,345.637451171875,87.49624633789062,-0.04416201636195183
4.53,30.65,4330.9,-2878.7,-86.643,90.175,315.5,11.0,-0.7,-0.7,1.0,11.0,12898.826171875,0.736943244934082,345.637451171875,87.49624633789062,-0.04416201636195183
4.55,30.61,4329.6,-2932.2,-87.732,113.559,300.2,11.0,-0.7,-0.7,1.0,11.0,12760.0029296875,0.5,345.637451171875,87.49624633789062,-0.04416201636195183
4.58,30.55,4328.3,-2985.1,-88.159,-163.34,259.4,11.0,-0.7,0.7,1.0,11.0,12648.5908203125,0.5,345.637451171875,87.49624633789062,-0.04416201636195183
4.61,30.49,4326.9,-3040.9,-84.91,-122.042,181.8,11.0,-0.7,0.7,-1.0,11.0,12544.904296875,0.5,345.637451171875,87.49624633789062,-0.04412844777107239
4.63,30.42,4325.5,-3097.2,-80.303,-113.026,158.8,11.0,-0.7,0.7,-1.0,11.0,12445.568359375,0.5,345.637451171875,87.49624633789062,-0.044129159301519394
4.66,30.35,4324.1,-3151.4,-75.065,-110.04,150.4,11.0,-0.7,0.7,-1.0,11.0,12349.2080078125,0.5,345.637451171875,87.49624633789062,-0.044129159301519394
4.69,30.28,4322.7,-3198.5,-70.589,-110.034,146.1,11.0,-0.7,0.7,-1.0,11.0,12274.97265625,1.0,345.637451171875,87.49624633789062,-0.044129159301519394
4.72,30.19,4321.1,-3249.1,-66.742,-111.462,144.2,11.0,-0.7,0.7,-1.0,11.0,12201.41796875,1.0,345.637451171875,87.49624633789062,-0.044129159301519394
4.74,30.12,4319.7,-3294.4,-64.181,-113.077,143.3,11.0,-0.7,0.7,-1.0,11.0,12128.4111328125,1.0,345.637451171875,87.49624633789062,-0.044129159301519394
4.77,30.04,4318.3,-3342.5,-62.207,-114.742,143.2,11.0,-0.7,0.7,-1.0,11.0,12059.017578125,1.0,345.637451171875,87.49624633789062,-0.044129159301519394
4.79,29.96,4316.7,-3392.6,-60.729,-116.2,143.5,11.0,-0.7,0.7,-1.0,11.0,12000.0986328125,1.0,345.637451171875,87.49624633789062,-0.044129159301519394
4.82,29.88,4315.2,-3440.5,-59.708,-117.24,144.3,11.0,-0.7,0.7,-1.0,11.0,11952.6865234375,1.0,345.637451171875,87.49624633789062,-0.044129159301519394
4.85,29.8,4313.7,-3488.7,-58.984,-117.862,145.4,11.0,-0.7,0.7,-1.0,11.0,11913.1337890625,1.0,345.637451171875,87.49624633789062,-0.044129159301519394
4.87,29.71,4312.0,-3538.8,-58.491,-118.005,146.9,11.0,-0.7,0.7,-1.0,11.0,11877.8212890625,1.0,345.637451171875,87.49624633789062,-0.044129159301519394
4.9,29.62,4310.4,-3583.4,-58.246,-117.686,148.6,11.0,-0.7,0.7,-1.0,11.0,11848.79296875,1.0,345.637451171875,87.49624633789062,-0.044129159301519394
4.93,29.53,4308.9,-3626.5,-58.188,-116.975,150.4,11.0,-0.7,0.7,-1.0,11.0,11822.658203125,1.0,345.637451171875,87.49624633789062,-0.044129159301519394
4.95,29.42,4307.2,-3671.9,-58.335,-115.836,152.3,11.0,-0.7,0.7,-1.0,11.0,11797.5771484375,1.0,345.637451171875,87.49624633789062,-0.044129159301519394
4.98,29.31,4305.5,-3717.3,-58.714,-114.385,154.5,11.0,-0.7,0.7,-1.0,11.0,11775.47265625,1.0,345.637451171875,87.49624633789062,-0.044129159301519394
5.01,29.2,4303.9,-3759.3,-59.294,-112.856,156.7,11.0,-0.7,0.7,-1.0,11.0,11758.78515625,1.0,345.637451171875,87.49624633789062,-0.044129159301519394
5.03,29.07,4302.2,-3803.8,-60.191,-111.181,159.1,11.0,-0.7,0.7,-1.0,11.0,11746.4619140625,1.0,345.637451171875,87.49624633789062,-0.044129159301519394
5.06,28.95,4300.5,-3846.7,-61.348,-109.633,161.6,11.0,-0.7,0.7,-1.0,11.0,11742.263671875,1.0,345.637451171875,87.49624633789062,-0.044129159301519394
5.09,28.81,4298.7,-3892.5,-62.902,-108.203,164.3,11.0,-0.7,0.7,-1.0,11.0,11746.697265625,1.0,345.637451171875,87.49624633789062,-0.044129159301519394
5.12,28.66,4296.9,-3941.7,-64.924,-107.063,167.4,11.0,-0.7,0.7,-1.0,11.0,11761.7333984375,1.0,345.637451171875,87.49624633789062,-0.044129159301519394
5.14,28.5,4295.0,-3993.4,-67.374,-106.491,171.0,11.0,-0.7,0.7,-1.0,11.0,11788.0556640625,1.0,345.637451171875,87.49624633789062,-0.044129159301519394
5.17,28.36,4293.2,-4042.4,-69.942,-106.723,175.0,11.0,-0.7,0.7,-1.0,11.0,11824.3642578125,1.0,345.637451171875,87.49624633789062,-0.044129159301519394
5.2,28.21,4291.3,-4098.5,-73.172,-108.437,180.0,11.0,-0.7,0.7,-1.0,11.0,11862.1494140625,1.0,345.637451171875,87.49624633789062,-0.044129159301519394
5.22,28.09,4289.5,-4150.9,-76.268,-112.156,186.7,11.0,-0.7,0.7,-1.0,11.0,11905.8212890625,1.0,345.637451171875,87.49624633789062,-0.044129159301519394
5.25,27.97,4287.6,-4206.4,-79.499,-120.369,196.2,11.0,-0.7,0.7,1.0,11.0,11948.41015625,1.0,345.637451171875,87.49624633789062,-0.044129159301519394
5.27,27.87,4285.8,-4262.9,-82.277,-137.803,212.1,11.0,-0.7,0.7,1.0,11.0,12008.1796875,1.0,345.637451171875,87.49624633789062,-0.044129159301519394
5.3,27.79,4283.9,-4322.7,-83.468,-170.905,240.4,11.0,-0.7,0.7,1.0,11.0,12557.388671875,1.0,345.637451171875,87.49624633789062,-0.044129159301519394
5.33,27.73,4282.0,-4382.1,-82.392,166.723,274.4,11.0,-0.7,-0.7,1.0,11.0,13051.7451171875,0.5000020265579224,345.637451171875,87.49624633789062,-0.044129159301519394
5.35,27.7,4280.1,-4440.7,-80.966,160.414,290.2,11.0,-0.7,-0.7,1.0,11.0,13505.412109375,0.5,345.637451171875,87.49624633789062,-0.044129159301519394
5.38,27.69,4278.2,-4496.6,-79.884,162.268,294.6,11.0,-0.7,-0.7,1.0,11.0,13898.6533203125,0.5,345.637451171875,87.49624633789062,-0.044129159301519394
5.41,27.7,4276.1,-4554.6,-78.893,169.561,292.7,11.0,-0.7,-0.7,1.0,11.0,14298.330078125,0.5,345.637451171875,87.49624633789062,-0.044129159301519394
5.43,27.74,4273.9,-4611.3,-77.862,179.278,286.4,11.0,-0.7,-0.7,1.0,11.0,14626.529296875,0.5,345.637451171875,87.49624633789062,-0.044129159301519394
5.46,27.78,4272.0,-4663.2,-76.616,-171.435,278.3,11.0,-0.7,0.7,1.0,11.0,14884.71484375,0.5,345.637451171875,87.49624633789062,-0.044129159301519394
5.48,27.83,4270.0,-4715.4,-74.953,-163.049,270.2,11.0,-0.7,0.7,1.0,11.0,15118.5185546875,0.5,345.637451171875,87.49624633789062,-0.044129159301519394
5.51,27.88,4267.8,-4769.6,-72.806,-156.261,262.6,11.0,-0.7,0.7,1.0,11.0,15335.5234375,0.5,345.637451171875,87.49624633789062,-0.044129159301519394
5.54,27.92,4265.6,-4836.1,-70.271,-151.626,256.0,11.0,-0.7,0.7,1.0,11.0,15529.583984375,0.5,345.637451171875,87.49624633789062,-0.044129159301519394
5.57,27.94,4263.5,-4896.1,-67.727,-149.023,250.6,11.0,-0.7,0.7,1.0,11.0,15728.2109375,0.5,345.637451171875,87.49624633789062,-0.044129159301519394
5.59,27.94,4261.2,-4956.3,-64.9,-147.517,246.2,11.0,-0.7,0.7,1.0,11.0,15917.7314453125,0.5,345.637451171875,87.49624633789062,-0.044129159301519394
5.62,27.91,4258.9,-5013.0,-62.044,-146.78,242.4,11.0,-0.7,0.7,1.0,11.0,16066.2548828125,0.5,345.637451171875,87.49624633789062,-0.04408811777830124
5.65,27.84,4256.6,-5068.0,-59.15,-146.365,239.0,11.0,-0.7,0.7,1.0,11.0,16179.2744140625,0.5,345.637451171875,87.49624633789062,-0.044088996946811676
5.68,27.72,4254.2,-5121.0,-56.166,-145.972,235.8,11.0,-0.7,0.7,1.0,11.0,16270.40625,0.5,345.637451171875,87.49624633789062,-0.044088996946811676
5.7,27.57,4252.0,-5169.1,-53.259,-145.446,232.7,11.0,-0.7,0.7,1.0,11.0,16337.0927734375,0.5,345.637451171875,87.49624633789062,-0.044088996946811676
5.73,27.36,4249.6,-5217.0,-50.128,-144.632,229.6,11.0,-0.7,0.7,1.0,11.0,16393.138671875,0.5,345.637451171875,87.49624633789062,-0.044088996946811676
5.75,27.11,4247.4,-5261.7,-46.971,-143.588,226.4,11.0,-0.7,0.7,1.0,11.0,15763.6318359375,0.5,345.637451171875,87.49624633789062,-0.044088996946811676
5.78,26.79,4245.0,-5307.9,-43.429,-142.21,223.0,11.0,-0.7,0.7,1.0,11.0,15197.150390625,0.5,345.637451171875,87.49624633789062,-0.044088996946811676
5.81,26.42,4242.6,-5350.9,-39.817,-140.692,219.6,11.0,-0.7,0.7,1.0,11.0,14731.0380859375,0.5,345.637451171875,87.49624633789062,-0.044088996946811676
5.83,25.96,4240.2,-5396.1,-35.711,-138.932,215.9,11.0,-0.7,0.7,1.0,11.0,14306.177734375,0.5,345.637451171875,87.49624633789062,-0.044088996946811676
5.86,25.48,4237.8,-5436.8,-31.69,-137.289,212.3,11.0,-0.7,0.7,1.0,11.0,13964.974609375,0.5,345.637451171875,87.49624633789062,-0.044088996946811676
5.88,24.93,4235.5,-5476.6,-27.377,-135.673,208.7,11.0,-0.7,0.7,1.0,11.0,13665.2275390625,0.5,345.637451171875,87.49624633789062,-0.044088996946811676
5.91,24.33,4233.1,-5516.1,-22.847,-134.19,205.1,11.0,-0.7,0.7,1.0,11.0,13403.787109375,0.5,345.637451171875,87.49624633789062,-0.044088996946811676
5.94,23.52,4230.3,-5563.0,-17.057,-132.654,201.0,11.0,-0.7,0.7,1.0,11.0,13134.6982421875,0.5,345.637451171875,87.49624633789062,-0.044088996946811676
5.97,22.77,4227.9,-5602.4,-11.91,-131.666,196.9,11.0,-0.7,0.7,1.0,11.0,12929.1181640625,0.5,345.637451171875,87.49624633789062,-0.044088996946811676
5.99,21.9,4225.3,-5643.8,-6.167,-130.985,192.9,11.0,-0.7,0.7,1.0,11.0,12739.2490234375,0.5,345.637451171875,87.49624633789062,-0.044088996946811676
6.02,21.01,4222.8,-5682.9,-0.433,-130.76,188.7,11.0,-0.7,0.7,1.0,11.0,12577.19140625,0.5,345.637451171875,87.49624633789062,-0.044088996946811676
6.05,20.01,4220.2,-5723.8,5.874,-131.052,184.2,11.0,-0.7,0.7,-1.0,11.0,12426.9580078125,0.5,345.637451171875,87.49624633789062,-0.044088996946811676
6.07,18.98,4217.6,-5762.7,12.175,-131.956,179.3,11.0,-0.7,0.7,-1.0,11.0,12295.9501953125,0.5,345.637451171875,87.49624633789062,-0.044088996946811676
6.1,17.94,4215.1,-5800.2,18.483,-133.565,174.0,11.0,-0.7,0.7,-1.0,11.0,12180.0595703125,0.5,345.637451171875,87.49624633789062,-0.044088996946811676
6.13,16.87,4212.7,-5821.2,23.634,-135.347,168.5,11.0,-0.7,0.7,-1.0,11.0,12075.7919921875,1.0,345.637451171875,87.49624633789062,-0.044088996946811676
6.15,15.66,4209.9,-5850.9,27.931,-137.038,163.8,11.0,-0.7,0.7,-1.0,11.0,11988.0234375,1.0,345.637451171875,87.49624633789062,-0.044088996946811676
6.18,14.56,4207.5,-5882.3,30.948,-138.237,159.8,11.0,-0.7,0.7,-1.0,11.0,11928.162109375,1.0,345.637451171875,87.49624633789062,-0.044088996946811676
6.21,13.37,4204.9,-5918.4,33.422,-139.085,156.7,11.0,-0.7,0.7,-1.0,11.0,11882.1474609375,1.0,345.637451171875,87.49624633789062,-0.044088996946811676
6.23,12.12,4202.2,-5958.2,35.418,-139.52,154.0,11.0,-0.7,0.7,-1.0,11.0,11848.8310546875,1.0,345.637451171875,87.49624633789062,-0.044088996946811676
6.26,10.88,4199.5,-5999.0,36.929,-139.548,152.0,11.0,-0.7,0.7,-1.0,11.0,11830.5380859375,1.0,345.637451171875,87.49624633789062,-0.044088996946811676
6.28,9.69,4196.9,-6038.7,38.035,-139.255,150.6,11.0,-0.7,0.7,-1.0,11.0,11825.537109375,1.0,345.637451171875,87.49624633789062,-0.044088996946811676
6.31,8.5,4194.3,-6078.9,38.851,-138.697,149.7,11.0,-0.7,0.7,-1.0,11.0,11829.2529296875,1.0,345.637451171875,87.49624633789062,-0.044088996946811676
6.34,7.31,4191.6,-6118.6,39.407,-137.909,149.3,11.0,-0.7,0.7,-1.0,11.0,11841.00390625,1.0,345.637451171875,87.49624633789062,-0.044088996946811676
6.37,5.95,4188.6,-6163.5,39.732,-136.73,149.5,11.0,-0.7,0.7,-1.0,11.0,11854.638671875,1.0,345.637451171875,87.49624633789062,-0.044088996946811676
6.39,4.73,4185.8,-6203.7,39.76,-135.418,150.2,11.0,-0.7,0.7,-1.0,11.0,11871.7587890625,1.0,345.637451171875,87.49624633789062,-0.044088996946811676
6.42,3.47,4182.9,-6245.1,39.511,-133.785,151.4,11.0,-0.7,0.7,-1.0,11.0,11882.669921875,1.0,345.637451171875,87.49624633789062,-0.044088996946811676
6.45,2.32,4180.2,-6283.0,39.027,-132.031,152.9,11.0,-0.7,0.7,-1.0,11.0,11892.361328125,1.0,345.637451171875,87.49624633789062,-0.044088996946811676
6.47,1.07,4177.2,-6325.0,38.195,-129.801,154.8,11.0,-0.7,0.7,-1.0,11.0,11898.345703125,1.0,345.637451171875,87.49624633789062,-0.044088996946811676
6.5,-0.07,4174.5,-6363.8,37.145,-127.496,156.9,11.0,-0.7,0.7,-1.0,11.0,11906.73828125,1.0,345.637451171875,87.49624633789062,-0.044088996946811676
6.53,-1.24,4171.7,-6403.8,35.757,-124.895,159.2,11.0,-0.7,0.7,-1.0,11.0,11915.677734375,1.0,345.637451171875,87.49624633789062,-0.044088996946811676
6.55,-2.46,4168.7,-6445.6,33.931,-121.957,161.7,11.0,-0.7,0.7,-1.0,11.0,11926.8916015625,1.0,345.637451171875,87.49624633789062,-0.044088996946811676
6.58,-3.71,4165.6,-6487.7,31.635,-118.796,164.4,11.0,-0.7,0.7,-1.0,11.0,11943.09765625,1.0,345.637451171875,87.49624633789062,-0.044088996946811676
6.61,-4.82,4162.9,-6524.6,29.168,-115.86,167.0,11.0,-0.7,0.7,-1.0,11.0,11966.3154296875,1.0,345.637451171875,87.49624633789062,-0.044088996946811676
6.63,-6.0,4159.9,-6562.2,26.119,-112.697,169.5,11.0,-0.7,0.7,-1.0,11.0,11993.12890625,1.0,345.637451171875,87.49624633789062,-0.044057466089725494
6.66,-7.11,4157.0,-6596.6,22.787,-109.66,172.0,11.0,-0.7,0.7,-1.0,11.0,12028.32421875,1.0,345.637451171875,87.49624633789062,-0.04405813291668892
6.69,-8.27,4154.0,-6631.0,18.858,-106.469,174.4,11.0,-0.7,0.7,-1.0,11.0,12526.138671875,1.0,345.637451171875,87.49624633789062,-0.04405813291668892
6.72,-9.43,4150.9,-6664.2,14.371,-103.169,176.7,11.0,-0.7,0.7,-1.0,11.0,13086.8603515625,1.0,345.637451171875,87.49624633789062,-0.04405813291668892
6.74,-10.6,4147.7,-6696.1,9.263,-99.687,179.0,11.0,-0.7,0.7,-1.0,11.0,13631.244140625,1.0,345.637451171875,87.49624633789062,-0.04405813291668892
6.77,-11.6,4144.8,-6722.1,4.44,-96.528,180.9,11.0,-0.7,0.7,-1.0,11.0,14089.572265625,1.0,345.637451171875,87.49624633789062,-0.04405813291668892
6.8,-12.76,4141.3,-6750.2,-1.728,-92.492,182.7,11.0,-0.7,0.7,-1.0,11.0,14584.28125,1.0,345.637451171875,87.49624633789062,-0.04405813291668892
6.83,-13.65,4138.4,-6769.8,-7.031,-88.921,184.3,11.0,-0.7,0.7,-1.0,11.0,14979.21875,1.0,345.637451171875,87.49624633789062,-0.04405813291668892
6.85,-14.55,4135.3,-6787.0,-13.004,-84.652,185.5,11.0,-0.7,0.7,-1.0,11.0,15363.869140625,1.0,345.637451171875,87.49624633789062,-0.04405813291668892
6.88,-15.29,4132.4,-6798.9,-18.53,-80.354,186.4,11.0,-0.7,0.7,-1.0,11.0,15691.4384765625,1.0,345.637451171875,87.49624633789062,-0.04405813291668892
6.91,-16.04,4129.1,-6807.6,-24.893,-74.724,187.0,11.0,-0.7,0.7,-1.0,11.0,16022.478515625,1.0,345.637451171875,87.49624633789062,-0.04405813291668892
6.93,-16.61,4126.0,-6809.9,-30.507,-68.852,187.3,11.0,-0.7,0.7,-1.0,11.0,16309.28515625,1.0,345.637451171875,87.49624633789062,-0.04405813291668892
6.96,-17.06,4123.1,-6806.8,-35.62,-62.438,187.1,11.0,-0.7,0.7,-1.0,11.0,16565.25,1.0,345.637451171875,87.49624633789062,-0.04405813291668892
6.99,-17.38,4120.1,-6795.0,-40.324,-55.247,186.5,11.0,-0.7,0.7,-1.0,11.0,16797.962890625,1.0,345.637451171875,87.49624633789062,-0.04405813291668892
7.01,-17.58,4116.9,-6775.4,-44.872,-46.698,185.5,11.0,-0.7,0.7,-1.0,11.0,17025.041015625,1.0,345.637451171875,87.49624633789062,-0.04405813291668892
7.04,-17.63,4113.9,-6756.4,-48.477,-38.502,184.2,11.0,-0.7,0.7,-1.0,11.0,17224.70703125,1.0,345.637451171875,87.49624633789062,-0.04405813291668892
7.07,-17.55,4111.0,-6742.1,-51.532,-30.508,182.8,11.0,-0.7,0.6692,-1.0,11.0,17396.845703125,1.0,345.637451171875,87.49624633789062,-0.04405813291668892
7.1,-17.3,4107.7,-6729.6,-54.54,-21.965,181.3,11.0,-0.7,0.6021,-1.0,11.0,17547.341796875,1.0,345.637451171875,87.49624633789062,-0.04405813291668892
7.12,-16.91,4104.6,-6720.2,-57.225,-14.033,179.5,11.0,-0.7,0.5393,-1.0,11.0,17672.83203125,1.0,345.637451171875,87.49624633789062,-0.04405813291668892
7.15,-16.41,4101.6,-6715.2,-59.568,-6.879,177.4,11.0,-0.7,0.4825,-1.0,11.0,17783.341796875,1.0,345.637451171875,87.49624633789062,-0.04405813291668892
7.18,-15.77,4098.6,-6714.0,-61.809,0.216,174.8,11.0,-0.7,0.4257,-1.0,11.0,17886.947265625,1.0,345.637451171875,87.49624633789062,-0.04405813291668892
7.21,-15.05,4095.7,-6717.2,-63.771,6.994,171.5,11.0,-0.7,0.3711,-1.0,11.0,17979.931640625,1.0,345.637451171875,87.49624633789062,-0.04405813291668892
7.23,-14.01,4092.1,-6727.3,-65.823,15.441,166.9,11.0,-0.7,0.3027,-1.0,11.0,18073.314453125,1.0,345.637451171875,87.49624633789062,-0.04405813291668892
7.26,-13.03,4089.2,-6741.6,-67.187,22.811,161.1,11.0,-0.7,0.2425,-1.0,11.0,18147.833984375,1.0,345.637451171875,87.49624633789062,-0.04405813291668892
7.29,-11.96,4086.2,-6760.3,-68.15,30.579,154.8,11.0,-0.7,0.1787,-1.0,11.0,18207.716796875,1.0,345.637451171875,87.49624633789062,-0.04405813291668892
7.31,-10.81,4083.3,-6783.5,-68.639,38.646,147.6,11.0,-0.7,0.112,-1.0,11.0,18254.119140625,1.0,345.637451171875,87.49624633789062,-0.04405813291668892
7.34,-9.35,4079.9,-6815.5,-68.491,48.215,139.1,11.0,-0.7,0.0329,-1.0,11.0,18292.75390625,1.0,345.637451171875,87.49624633789062,-0.04405813291668892
7.37,-8.0,4077.0,-6846.4,-67.722,56.335,130.3,11.0,-0.7,-0.0349,-1.0,11.0,18314.69921875,1.0,345.637451171875,87.49624633789062,-0.04405813291668892
7.39,-6.55,4074.0,-6879.7,-66.437,63.798,122.5,11.0,-0.7,-0.0982,-1.0,11.0,18325.68359375,1.0,345.637451171875,87.49624633789062,-0.04405813291668892
7.42,-4.99,4070.9,-6915.7,-64.688,70.542,115.4,11.0,-0.7,-0.1559,-1.0,11.0,18328.619140625,1.0,345.637451171875,87.49624633789062,-0.04405813291668892
7.45,-3.26,4067.6,-6954.9,-62.55,76.559,109.2,11.0,-0.7,-0.2081,-1.0,11.0,18324.544921875,1.0,345.637451171875,87.49624633789062,-0.04405813291668892
7.47,-1.59,4064.6,-6993.1,-60.42,81.335,104.2,11.0,-0.7,-0.2503,-1.0,11.0,18309.931640625,1.0,345.637451171875,87.49624633789062,-0.04405813291668892
7.5,0.08,4061.6,-7030.8,-58.362,85.291,100.4,11.0,-0.7,-0.2868,-1.0,11.0,18289.197265625,1.0,345.637451171875,87.49624633789062,-0.04405813291668892
7.53,1.94,4058.4,-7071.8,-56.271,88.871,97.3,11.0,-0.7,-0.3201,-1.0,11.0,18265.95703125,1.0,345.637451171875,87.49624633789062,-0.04405813291668892
7.55,3.87,4055.2,-7113.7,-54.332,91.847,94.8,11.0,-0.7,-0.349,-1.0,11.0,18238.85546875,1.0,345.637451171875,87.49624633789062,-0.04405813291668892
7.58,5.87,4051.9,-7156.7,-52.583,94.202,92.9,11.0,-0.7,-0.373,-1.0,11.0,18209.39453125,1.0,345.637451171875,87.49624633789062,-0.04405813291668892
7.61,7.91,4048.5,-7200.2,-51.04,95.892,91.4,11.0,-0.7,-0.3918,-1.0,11.0,18178.015625,1.0,345.637451171875,87.49624633789062,-0.04405813291668892
7.64,9.87,4045.3,-7242.1,-49.74,96.883,90.3,11.0,-0.7,-0.4053,-1.0,11.0,18144.73828125,1.0,345.637451171875,87.49624633789062,-0.04401656240224838
7.67,12.13,4041.7,-7290.4,-48.456,97.283,89.5,11.0,-0.7,-0.4139,-1.0,11.0,18113.607421875,1.0,345.637451171875,87.49624633789062,-0.04401744157075882
7.69,14.23,4038.3,-7336.0,-47.419,97.044,89.0,11.0,-0.7,-0.4172,-1.0,11.0,18080.921875,1.0,345.637451171875,87.49624633789062,-0.04401744157075882
7.72,16.28,4034.9,-7381.6,-46.551,96.308,88.8,11.0,-0.7,-0.4169,-1.0,11.0,18051.0625,1.0,345.637451171875,87.49624633789062,-0.04401744157075882
7.75,18.39,4031.5,-7429.3,-45.82,95.125,88.8,11.0,-0.7,-0.4129,-1.0,11.0,18025.900390625,1.0,345.637451171875,87.49624633789062,-0.04401744157075882
7.78,20.63,4027.8,-7481.4,-45.23,93.497,89.0,11.0,-0.7,-0.4052,-1.0,11.0,18004.173828125,1.0,345.637451171875,87.49624633789062,-0.04401744157075882
7.81,22.77,4024.2,-7532.8,-44.835,91.685,89.4,11.0,-0.7,-0.3959,-1.0,11.0,17983.58984375,1.0,345.637451171875,87.49624633789062,-0.04401744157075882
7.83,24.9,4020.6,-7585.2,-44.6,89.736,89.9,11.0,-0.7,-0.3851,-1.0,11.0,17964.951171875,1.0,345.637451171875,87.49624633789062,-0.04401744157075882
7.86,26.79,4017.3,-7633.1,-44.518,87.935,90.6,11.0,-0.7,-0.3756,-1.0,11.0,17946.197265625,1.0,345.637451171875,87.49624633789062,-0.04401744157075882
7.89,28.89,4013.6,-7687.5,-44.58,85.95,91.3,11.0,-0.7,-0.3646,-1.0,11.0,17928.939453125,1.0,345.637451171875,87.49624633789062,-0.04401744157075882
7.92,30.96,4009.9,-7742.5,-44.762,84.08,92.1,11.0,-0.7,-0.3549,-1.0,11.0,17909.697265625,1.0,345.637451171875,87.49624633789062,-0.04401744157075882
7.95,33.2,4005.8,-7803.5,-45.056,82.241,93.1,11.0,-0.6155,-0.3457,-1.0,11.0,17889.578125,1.0,345.637451171875,87.49624633789062,-0.04401744157075882
7.99,35.46,4001.6,-7865.5,-45.407,80.65,94.2,11.0,-0.4753,-0.3382,-1.0,11.0,17867.03125,1.0,345.637451171875,87.49624633789062,-0.04401744157075882
8.02,37.79,3997.1,-7929.8,-45.774,79.295,95.4,11.0,-0.3242,-0.3325,-1.0,11.0,17844.224609375,1.0,345.637451171875,87.49624633789062,-0.04401744157075882
8.05,39.97,3992.8,-7988.6,-46.073,78.254,96.5,11.0,-0.3036,-0.3294,-1.0,11.0,17821.3203125,1.0,345.637451171875,87.49624633789062,-0.04401744157075882
8.09,42.17,3988.3,-8044.2,-46.305,77.349,97.5,11.0,-0.2266,-0.3275,-1.0,11.0,17803.841796875,1.0,345.637451171875,87.49624633789062,-0.04401744157075882
8.11,44.31,3983.9,-8092.7,-46.461,76.468,98.4,11.0,0.1432,-0.3244,-1.0,11.0,17796.427734375,1.0,345.637451171875,87.49624633789062,-0.04401744157075882
8.14,46.04,3980.2,-8129.1,-46.54,75.663,99.3,11.0,0.014,-0.3219,-1.0,11.0,17798.802734375,1.0,345.637451171875,87.49624633789062,-0.04401744157075882
8.17,47.63,3977.0,-8159.1,-46.566,74.808,100.0,11.0,-0.0325,-0.319,-1.0,11.0,17799.138671875,1.0,345.637451171875,87.49624633789062,-0.04401744157075882
8.19,49.27,3973.7,-8180.0,-46.549,73.76,100.7,11.0,0.0529,-0.3147,-1.0,11.0,17798.30078125,1.0,345.637451171875,87.49624633789062,-0.04401744157075882
8.22,50.82,3970.4,-8200.8,-46.5,72.591,101.6,11.0,0.0641,-0.3094,-1.0,11.0,17814.431640625,1.0,345.637451171875,87.49624633789062,-0.04401744157075882
8.25,52.54,3966.7,-8223.4,-46.375,71.139,102.5,11.0,0.2309,-0.3018,-1.0,11.0,17813.716796875,1.0,345.637451171875,87.49624633789062,-0.04401744157075882
8.28,54.15,3963.2,-8241.4,-46.167,69.647,103.6,11.0,0.2534,-0.2938,-1.0,11.0,17797.970703125,1.0,345.637451171875,87.49624633789062,-0.04401744157075882
8.31,55.72,3959.5,-8258.0,-45.866,68.088,104.9,11.0,0.2882,-0.2853,-1.0,11.0,17778.2265625,1.0,345.637451171875,87.49624633789062,-0.04401744157075882
8.33,57.22,3956.0,-8267.3,-45.585,66.47,106.3,11.0,0.4217,-0.2757,-1.0,11.0,17754.953125,0.9375,345.637451171875,87.49624633789062,-0.04401744157075882
8.36,58.66,3952.5,-8274.6,-45.324,64.822,107.9,11.0,0.4642,-0.2658,-1.0,11.0,17731.02734375,0.9375,345.637451171875,87.49624633789062,-0.04401744157075882
8.38,59.97,3949.2,-8279.3,-45.052,63.248,109.6,11.0,0.4613,-0.2564,-1.0,11.0,17704.154296875,0.9375,345.637451171875,87.49624633789062,-0.04401744157075882
8.41,61.26,3945.9,-8278.0,-44.711,61.668,111.3,11.0,0.4269,-0.2472,-1.0,11.0,17676.455078125,0.9375,345.637451171875,87.49624633789062,-0.04401744157075882
8.44,62.59,3942.3,-8272.8,-44.237,59.993,113.3,11.0,0.4797,-0.2374,-1.0,11.0,17651.25390625,0.9375,345.637451171875,87.49624633789062,-0.04401744157075882
8.47,64.08,3938.2,-8263.7,-43.507,58.078,115.6,11.0,0.7,-0.225,-1.0,11.0,17624.970703125,0.9375,345.637451171875,87.49624633789062,-0.04401744157075882
8.49,65.27,3934.9,-8254.5,-42.744,56.51,117.9,11.0,0.6082,-0.2154,-1.0,11.0,17592.697265625,0.9375,345.637451171875,87.49624633789062,-0.04401744157075882
8.52,66.49,3931.3,-8239.8,-41.774,54.843,120.1,11.0,0.6872,-0.205,-1.0,11.0,17560.599609375,0.9375,345.637451171875,87.49624633789062,-0.04401744157075882
8.54,67.61,3927.9,-8212.7,-40.711,53.223,122.2,11.0,0.7,-0.1947,-1.0,11.0,17528.7265625,0.9375,345.637451171875,87.49624633789062,-0.04401744157075882
8.57,68.77,3924.3,-8184.3,-39.438,51.415,124.3,11.0,0.6629,-0.1834,-1.0,11.0,17505.091796875,0.9375,345.637451171875,87.49624633789062,-0.04401744157075882
8.6,70.07,3920.2,-8140.9,-37.807,49.22,126.7,11.0,0.7,-0.1684,-1.0,11.0,17476.61328125,0.9375,345.637451171875,87.49624633789062,-0.04401744157075882
8.63,71.13,3916.7,-8097.6,-36.323,47.317,129.0,11.0,0.7,-0.1557,-1.0,11.0,17445.044921875,0.9375,345.637451171875,87.49624633789062,-0.04401744157075882
8.65,72.16,3913.1,-8049.4,-34.737,45.399,131.2,11.0,0.7,-0.1427,-1.0,11.0,17415.513671875,0.9375,345.637451171875,87.49624633789062,-0.04397283494472504
8.68,73.2,3909.4,-7990.0,-32.955,43.431,133.4,11.0,0.7,-0.1293,-1.0,11.0,17385.251953125,0.9375,345.637451171875,87.49624633789062,-0.04397377744317055
8.71,74.19,3905.7,-7924.0,-31.089,41.632,135.6,11.0,0.7,-0.1171,-1.0,11.0,17356.181640625,0.9375,345.637451171875,87.49624633789062,-0.04397377744317055
8.73,75.11,3902.2,-7851.6,-29.151,40.076,137.7,11.0,0.7,-0.1068,-1.0,11.0,17327.578125,0.9375,345.637451171875,87.49624633789062,-0.04397377744317055
8.76,75.94,3898.8,-7773.2,-27.169,38.805,139.7,11.0,0.7,-0.0986,-1.0,11.0,17299.08984375,0.9375,345.637451171875,87.49624633789062,-0.04397377744317055
8.78,76.8,3895.1,-7683.3,-24.865,37.7,141.6,11.0,0.7,-0.0917,-1.0,11.0,17270.044921875,0.9375,345.637451171875,87.49624633789062,-0.04397377744317055
8.81,77.57,3891.7,-7592.3,-22.545,36.916,143.4,11.0,0.7,-0.0874,-1.0,11.0,17241.75,0.9375,345.637451171875,87.49624633789062,-0.04397377744317055
8.84,78.35,3888.0,-7488.0,-19.846,36.313,145.1,11.0,0.7,-0.0846,-1.0,11.0,17130.11328125,0.9375,345.637451171875,87.49624633789062,-0.04397377744317055
8.87,79.04,3884.5,-7383.2,-17.108,35.92,146.7,11.0,0.7,-0.0835,-1.0,11.0,16389.818359375,0.9375,345.637451171875,87.49624633789062,-0.04397377744317055
8.89,79.76,3880.5,-7256.4,-13.788,35.603,148.2,11.0,0.7,-0.0829,-1.0,11.0,15687.873046875,0.9375,345.637451171875,87.49624633789062,-0.04397377744317055
8.92,80.31,3877.1,-7139.0,-10.76,35.353,149.6,11.0,0.7,-0.0828,-1.0,11.0,15177.1787109375,0.9375,345.637451171875,87.49624633789062,-0.04397377744317055
8.95,80.82,3873.6,-7011.7,-7.517,35.046,150.8,11.0,0.7,-0.0822,-1.0,11.0,14727.14453125,0.9375,345.637451171875,87.49624633789062,-0.04397377744317055
8.97,81.24,3870.3,-6885.0,-4.324,34.665,152.0,11.0,0.7,-0.0809,-1.0,11.0,14357.1865234375,0.9375,345.637451171875,87.49624633789062,-0.04397377744317055
9.0,81.6,3866.9,-6748.0,-0.965,34.16,153.0,11.0,0.7,-0.0787,-1.0,11.0,14027.4306640625,0.9375,345.637451171875,87.49624633789062,-0.04397377744317055
9.03,81.88,3863.6,-6609.8,2.359,33.566,154.1,11.0,0.7,-0.0757,-1.0,11.0,13745.7548828125,0.9375,345.637451171875,87.49624633789062,-0.04397377744317055
9.05,82.08,3860.3,-6472.6,5.608,32.945,155.3,11.0,0.7,-0.0725,-1.0,11.0,13504.1064453125,0.9375,345.637451171875,87.49624633789062,-0.04397377744317055
9.08,82.19,3857.7,-6341.1,8.751,32.383,156.5,11.0,0.7,-0.0697,-1.0,11.0,13296.9814453125,0.9375,345.637451171875,87.49624633789062,-0.04397377744317055
9.11,82.21,3854.8,-6196.4,12.116,31.922,157.8,11.0,0.7,-0.0677,-1.0,11.0,13103.5947265625,0.9375,345.637451171875,87.49624633789062,-0.04397377744317055
9.13,82.13,3852.0,-6063.6,15.179,31.696,159.2,11.0,0.6711,-0.0676,-1.0,11.0,12946.1025390625,0.9375,345.637451171875,87.49624633789062,-0.04397377744317055
9.16,81.97,3849.5,-5934.2,18.069,31.693,160.5,11.0,0.6137,-0.0692,-1.0,11.0,12809.966796875,0.9375,345.637451171875,87.49624633789062,-0.04397377744317055
9.19,81.72,3847.0,-5804.7,20.89,31.887,161.7,11.0,0.547,-0.0725,-1.0,11.0,12678.896484375,0.9375,345.637451171875,87.49624633789062,-0.04397377744317055
9.21,81.34,3844.3,-5661.4,23.87,32.248,162.8,11.0,0.4539,-0.0771,-1.0,11.0,12542.794921875,0.9375,345.637451171875,87.49624633789062,-0.04397377744317055
9.24,80.87,3841.8,-5522.4,26.635,32.637,163.7,11.0,0.3896,-0.082,-1.0,11.0,12423.7451171875,0.9375,345.637451171875,87.49624633789062,-0.04397377744317055
9.27,80.28,3839.3,-5374.4,29.388,32.972,164.3,11.0,0.293,-0.0865,-1.0,11.0,12321.8642578125,0.9375,345.637451171875,87.49624633789062,-0.04397377744317055
9.29,79.62,3837.0,-5231.1,31.88,33.131,164.5,11.0,0.1823,-0.0895,-1.0,11.0,12239.71484375,0.9375,345.637451171875,87.49624633789062,-0.04397377744317055
9.32,78.87,3834.7,-5087.2,34.176,33.077,164.5,11.0,0.1321,-0.0909,-1.0,11.0,12173.021484375,0.9375,345.637451171875,87.49624633789062,-0.04397377744317055
9.35,78.0,3832.4,-4935.9,36.326,32.767,164.1,11.0,0.0388,-0.0903,-1.0,11.0,12119.0185546875,0.9375,345.637451171875,87.49624633789062,-0.04397377744317055
9.38,76.96,3830.0,-4774.6,38.298,32.149,163.5,11.0,-0.0765,-0.0873,-1.0,11.0,12075.478515625,0.9375,345.637451171875,87.49624633789062,-0.04397377744317055
9.41,75.85,3827.8,-4616.6,39.92,31.259,162.4,11.0,-0.262,-0.0819,-1.0,11.0,12045.642578125,0.9375,345.637451171875,87.49624633789062,-0.04397377744317055
9.43,74.72,3825.7,-4471.0,41.137,30.199,161.1,11.0,-0.2984,-0.075,-1.0,11.0,12029.7734375,0.9375,345.637451171875,87.49624633789062,-0.04397377744317055
9.46,73.54,3823.7,-4329.1,42.042,28.907,159.6,11.0,-0.3715,-0.0663,-1.0,11.0,12027.419921875,0.9375,345.637451171875,87.49624633789062,-0.04397377744317055
9.49,72.25,3821.7,-4188.7,42.671,27.272,157.8,11.0,-0.5404,-0.0547,-1.0,11.0,12029.982421875,0.9375,345.637451171875,87.49624633789062,-0.04397377744317055
9.52,71.06,3819.9,-4066.0,42.984,25.578,155.8,11.0,-0.504,-0.0426,-1.0,11.0,12038.1640625,0.9375,345.637451171875,87.49624633789062,-0.04397377744317055
9.54,69.61,3818.0,-3928.8,43.065,23.363,153.6,11.0,-0.7,-0.0262,-1.0,11.0,12037.8740234375,0.9375,345.637451171875,87.49624633789062,-0.04397377744317055
9.57,68.27,3816.2,-3811.1,42.91,21.216,151.1,11.0,-0.7,-0.0102,-1.0,11.0,12036.5419921875,0.9375,345.637451171875,87.49624633789062,-0.04397377744317055
9.6,66.84,3814.5,-3690.5,42.539,18.936,148.6,11.0,-0.7,0.007,-1.0,11.0,12027.1396484375,0.9375,345.637451171875,87.49624633789062,-0.04397377744317055
9.63,65.45,3812.9,-3583.8,42.008,16.821,146.1,11.0,-0.7,0.023,-1.0,11.0,12018.9560546875,0.9375,345.637451171875,87.49624633789062,-0.04397377744317055
9.65,63.97,3811.2,-3473.9,41.299,14.769,143.5,11.0,-0.7,0.0386,-1.0,11.0,12011.080078125,0.9375,345.637451171875,87.49624633789062,-0.04394173622131348
9.68,62.58,3809.7,-3371.9,40.515,13.047,141.0,11.0,-0.7,0.0517,-1.0,11.0,12007.353515625,0.9375,345.637451171875,87.49624633789062,-0.0439424104988575
9.71,61.16,3808.2,-3269.4,39.633,11.524,138.7,11.0,-0.7,0.0632,-1.0,11.0,12006.68359375,0.9375,345.637451171875,87.49624633789062,-0.0439424104988575
9.73,59.83,3806.8,-3175.0,38.753,10.279,136.5,11.0,-0.7,0.0727,-1.0,11.0,12008.61328125,0.9375,345.637451171875,87.49624633789062,-0.0439424104988575
9.76,58.48,3805.4,-3081.6,37.832,9.162,134.6,11.0,-0.7,0.0811,-1.0,11.0,12012.3994140625,0.9375,345.637451171875,87.49624633789062,-0.0439424104988575
9.79,57.13,3804.1,-2992.0,36.904,8.153,132.8,11.0,-0.7,0.0888,-1.0,11.0,12019.0576171875,0.9375,345.637451171875,87.49624633789062,-0.0439424104988575
9.82,55.73,3802.7,-2903.7,35.953,7.161,131.2,11.0,-0.7,0.0963,-1.0,11.0,12029.2587890625,0.9375,345.637451171875,87.49624633789062,-0.0439424104988575
9.84,54.33,3801.4,-2818.7,35.022,6.171,129.7,11.0,-0.7,0.1039,-1.0,11.0,12044.236328125,0.9375,345.637451171875,87.49624633789062,-0.0439424104988575
9.87,53.0,3800.1,-2740.9,34.19,5.098,128.3,11.0,-0.7,0.1122,-1.0,11.0,12063.517578125,0.9999997615814209,345.637451171875,87.49624633789062,-0.0439424104988575
9.9,51.6,3798.8,-2659.3,33.361,3.786,126.7,11.0,-0.7,0.1225,-1.0,11.0,12088.6875,1.0,345.637451171875,87.49624633789062,-0.0439424104988575
9.93,50.34,3797.7,-2586.8,32.645,2.499,125.0,11.0,-0.7,0.1326,-1.0,11.0,12120.5078125,1.0,345.637451171875,87.49624633789062,-0.0439424104988575
9.95,49.16,3796.6,-2520.3,31.995,1.249,123.2,11.0,-0.7,0.1426,-1.0,11.0,12262.2783203125,1.0,345.637451171875,87.49624633789062,-0.0439424104988575
9.97,47.98,3795.5,-2453.4,31.337,-0.034,121.4,11.0,-0.7,0.1528,-1.0,11.0,12806.5166015625,1.0,345.637451171875,87.49624633789062,-0.0439424104988575
10.0,46.88,3794.6,-2391.5,30.72,-1.205,119.6,11.0,-0.7,0.1623,-1.0,11.0,13283.7607421875,1.0,345.637451171875,87.49624633789062,-0.0439424104988575
10.02,45.78,3793.6,-2328.7,30.075,-2.365,117.9,11.0,-0.7,0.1717,-1.0,11.0,13736.017578125,1.0,345.637451171875,87.49624633789062,-0.0439424104988575
10.05,44.71,3792.7,-2267.7,29.423,-3.443,116.1,11.0,-0.7,0.1805,-1.0,11.0,14144.3583984375,1.0,345.637451171875,87.49624633789062,-0.0439424104988575
10.07,43.61,3791.7,-2200.6,28.711,-4.499,114.3,11.0,-0.7,0.1891,-1.0,11.0,14533.8779296875,1.0,345.637451171875,87.49624633789062,-0.0439424104988575
10.1,42.57,3790.8,-2136.0,27.995,-5.418,112.5,11.0,-0.7,0.1967,-1.0,11.0,14873.208984375,1.0,345.637451171875,87.49624633789062,-0.0439424104988575
10.12,41.54,3790.0,-2071.4,27.239,-6.229,110.8,11.0,-0.7,0.2035,-1.0,11.0,15181.02734375,1.0,345.637451171875,87.49624633789062,-0.0439424104988575
10.15,40.53,3789.1,-2007.5,26.45,-6.908,109.1,11.0,-0.7,0.2093,-1.0,11.0,15457.248046875,1.0,345.637451171875,87.49624633789062,-0.0439424104988575
10.17,39.48,3788.3,-1939.7,25.586,-7.476,107.5,11.0,-0.7,0.2142,-1.0,11.0,15717.154296875,1.0,345.637451171875,87.49624633789062,-0.0439424104988575
10.2,38.53,3787.5,-1876.4,24.755,-7.878,106.1,11.0,-0.7,0.2178,-1.0,11.0,15937.41796875,1.0,345.637451171875,87.49624633789062,-0.0439424104988575
10.22,37.57,3786.8,-1811.4,23.87,-8.18,104.7,11.0,-0.7,0.2207,-1.0,11.0,16143.8583984375,1.0,345.637451171875,87.49624633789062,-0.0439424104988575
10.25,36.6,3786.0,-1744.7,22.939,-8.39,103.5,11.0,-0.7,0.2228,-1.0,11.0,16332.658203125,1.0,345.637451171875,87.49624633789062,-0.0439424104988575
10.27,35.63,3785.3,-1680.7,21.949,-8.524,102.4,11.0,-0.7,0.2243,-1.0,11.0,16505.93359375,1.0,345.637451171875,87.49624633789062,-0.0439424104988575
10.3,34.72,3784.6,-1623.9,20.988,-8.584,101.5,11.0,-0.7,0.2252,-1.0,11.0,16650.291015625,1.0,345.637451171875,87.49624633789062,-0.0439424104988575
10.32,33.83,3784.0,-1571.0,20.009,-8.576,100.7,11.0,-0.7,0.2256,-1.0,11.0,16777.77734375,1.0,345.637451171875,87.49624633789062,-0.0439424104988575
10.35,32.95,3783.3,-1521.2,19.021,-8.503,100.0,11.0,-0.7,0.2254,-1.0,11.0,16890.0625,1.0,345.637451171875,87.49624633789062,-0.0439424104988575
10.37,32.04,3782.7,-1472.2,17.974,-8.357,99.4,11.0,-0.7,0.2247,-1.0,11.0,16994.81640625,1.0,345.637451171875,87.49624633789062,-0.0439424104988575
10.4,31.18,3782.1,-1427.5,16.98,-8.159,99.0,11.0,-0.7,0.2235,-1.0,11.0,17083.548828125,1.0,345.637451171875,87.49624633789062,-0.0439424104988575
10.43,30.37,3781.5,-1386.8,16.04,-7.924,98.8,11.0,-0.7,0.222,-1.0,11.0,17158.72265625,1.0,345.637451171875,87.49624633789062,-0.0439424104988575
10.45,29.57,3780.9,-1347.7,15.119,-7.655,98.6,11.0,-0.7,0.2202,-1.0,11.0,17224.673828125,1.0,345.637451171875,87.49624633789062,-0.0439424104988575
10.47,28.75,3780.4,-1308.3,14.201,-7.351,98.6,11.0,-0.7,0.2182,-1.0,11.0,17283.578125,1.0,345.637451171875,87.49624633789062,-0.0439424104988575
10.5,27.97,3779.8,-1272.1,13.358,-7.042,98.8,11.0,-0.7,0.216,-1.0,11.0,17333.51171875,1.0,345.637451171875,87.49624633789062,-0.0439424104988575
10.53,27.22,3779.3,-1236.5,12.58,-6.73,99.0,11.0,-0.7,0.2139,-1.0,11.0,17375.638671875,1.0,345.637451171875,87.49624633789062,-0.0439424104988575
10.55,26.51,3778.8,-1202.4,11.897,-6.431,99.4,11.0,-0.7,0.2118,-1.0,11.0,17411.150390625,1.0,345.637451171875,87.49624633789062,-0.0439424104988575
10.57,25.79,3778.3,-1166.5,11.262,-6.12,99.8,11.0,-0.7,0.2096,-1.0,11.0,17444.224609375,1.0,345.637451171875,87.49624633789062,-0.0439424104988575
10.6,25.11,3777.8,-1131.8,10.725,-5.824,100.4,11.0,-0.7,0.2075,-1.0,11.0,17474.482421875,1.0,345.637451171875,87.49624633789062,-0.0439424104988575
10.63,24.46,3777.4,-1097.7,10.276,-5.535,101.0,11.0,-0.7,0.2055,-1.0,11.0,17503.953125,1.0,345.637451171875,87.49624633789062,-0.0439424104988575
10.65,23.82,3776.9,-1062.9,9.905,-5.243,101.7,11.0,-0.7,0.2034,-1.0,11.0,17532.802734375,1.0,345.637451171875,87.49624633789062,-0.0439424104988575
10.68,23.18,3776.5,-1026.6,9.612,-4.944,102.5,11.0,-0.7,0.2013,-1.0,11.0,17560.681640625,1.0,345.637451171875,87.49624633789062,-0.043898507952690125
10.7,22.58,3776.1,-990.6,9.412,-4.652,103.4,11.0,-0.7,0.1992,-1.0,11.0,17586.119140625,1.0,345.637451171875,87.49624633789062,-0.04389943182468414
10.73,22.03,3775.7,-955.1,9.294,-4.367,104.3,11.0,-0.7,0.1971,-1.0,11.0,17608.453125,1.0,345.637451171875,87.49624633789062,-0.04389943182468414
10.75,21.46,3775.3,-916.5,9.247,-4.056,105.3,11.0,-0.7,0.1949,-1.0,11.0,17628.5,1.0,345.637451171875,87.49624633789062,-0.04389943182468414
10.78,20.9,3774.9,-874.1,9.279,-3.709,106.4,11.0,-0.7,0.1923,-1.0,11.0,17646.16796875,1.0,345.637451171875,87.49624633789062,-0.04389943182468414
10.81,20.37,3774.5,-831.0,9.382,-3.34,107.7,11.0,-0.7,0.1895,-1.0,11.0,17659.935546875,1.0,345.637451171875,87.49624633789062,-0.04389943182468414
10.83,19.9,3774.2,-789.0,9.538,-2.956,108.9,11.0,-0.7,0.1866,-1.0,11.0,17669.5390625,1.0,345.637451171875,87.49624633789062,-0.04389943182468414
10.86,19.46,3773.8,-745.9,9.742,-2.535,110.1,11.0,-0.7,0.1833,-1.0,11.0,17675.62109375,1.0,345.637451171875,87.49624633789062,-0.04389943182468414
10.88,19.02,3773.5,-699.2,10.003,-2.046,111.5,11.0,-0.7,0.1795,-1.0,11.0,17679.396484375,1.0,345.637451171875,87.49624633789062,-0.04389943182468414
10.91,18.62,3773.2,-652.1,10.297,-1.522,112.8,11.0,-0.7,0.1754,-1.0,11.0,17680.12890625,1.0,345.637451171875,87.49624633789062,-0.04389943182468414
10.93,18.25,3773.0,-604.9,10.616,-0.966,114.2,11.0,-0.7,0.171,-1.0,11.0,17678.451171875,1.0,345.637451171875,87.49624633789062,-0.04389943182468414
10.96,17.91,3772.8,-557.9,10.954,-0.391,115.6,11.0,-0.7,0.1664,-1.0,11.0,17674.8515625,1.0,345.637451171875,87.49624633789062,-0.04389943182468414
10.98,17.57,3772.5,-508.2,11.328,0.223,117.1,11.0,-0.7,0.1615,-1.0,11.0,17670.224609375,1.0,345.637451171875,87.49624633789062,-0.04389943182468414
11.01,17.28,3772.3,-461.6,11.689,0.793,118.5,11.0,-0.7,0.1569,-1.0,11.0,17663.91796875,1.0,345.637451171875,87.49624633789062,-0.04389943182468414
11.04,16.98,3772.1,-408.2,12.117,1.436,120.0,11.0,-0.7,0.1517,-1.0,11.0,17657.59375,1.0,345.637451171875,87.49624633789062,-0.04389943182468414
11.06,16.71,3772.0,-357.4,12.531,2.046,121.7,11.0,-0.7,0.1467,-1.0,11.0,17648.896484375,1.0,345.637451171875,87.49624633789062,-0.04389943182468414
11.09,16.46,3771.8,-306.1,12.95,2.667,123.6,11.0,-0.7,0.1416,-1.0,11.0,17639.048828125,1.0,345.637451171875,87.49624633789062,-0.04389943182468414
11.12,16.24,3771.7,-257.0,13.341,3.285,125.7,11.0,-0.7,0.1365,-1.0,11.0,17628.787109375,1.0,345.637451171875,87.49624633789062,-0.04389943182468414
11.18,16.04,3771.6,-206.7,13.725,3.965,127.9,11.0,-0.7,0.1306,-1.0,11.0,17617.451171875,1.0,345.637451171875,87.49624633789062,-0.04389943182468414
11.2,15.76,3771.5,-116.6,14.351,5.332,131.4,11.0,-0.7,0.1194,-1.0,11.0,17605.93359375,1.0,345.637451171875,87.49624633789062,-0.04389943182468414
11.23,15.56,3771.4,-27.2,14.879,6.852,136.0,11.0,-0.7,0.1069,-1.0,11.0,17585.146484375,1.0,345.637451171875,87.49624633789062,-0.04389943182468414
11.25,15.49,3771.4,19.6,15.11,7.698,139.5,11.0,-0.7,0.0997,-1.0,11.0,17561.55859375,1.0,345.637451171875,87.49624633789062,-0.04389943182468414
11.28,15.49,3771.4,19.6,15.11,7.698,139.5,11.0,-0.7,0.0992,-1.0,11.0,17561.55859375,1.0,345.637451171875,87.49624633789062,-0.04389943182468414
11.31,15.49,3771.4,19.6,15.11,7.698,139.5,11.0,-0.7,0.0988,-1.0,11.0,17561.55859375,1.0,345.637451171875,87.49624633789062,-0.04389943182468414
11.34,15.49,3771.4,19.6,15.11,7.698,139.5,11.0,-0.7,0.0983,-1.0,11.0,17561.55859375,1.0,345.637451171875,87.49624633789062,-0.04389943182468414
11.38,15.49,3771.4,19.6,15.11,7.698,139.5,11.0,-0.7,0.0978,-1.0,11.0,17561.55859375,1.0,345.637451171875,87.49624633789062,-0.04389943182468414
11.41,15.49,3771.4,19.6,15.11,7.698,139.5,11.0,-0.7,0.0973,-1.0,11.0,17561.55859375,1.0,345.637451171875,87.49624633789062,-0.04389943182468414
11.43,15.49,3771.4,19.6,15.11,7.698,139.5,11.0,-0.7,0.0969,-1.0,11.0,17561.55859375,1.0,345.637451171875,87.49624633789062,-0.04389943182468414
11.46,15.49,3771.4,19.6,15.11,7.698,139.5,11.0,-0.7,0.0964,-1.0,11.0,17561.55859375,1.0,345.637451171875,87.49624633789062,-0.04389943182468414
11.49,15.49,3771.4,19.6,15.11,7.698,139.5,11.0,-0.7,0.096,-1.0,11.0,17561.55859375,1.0,345.637451171875,87.49624633789062,-0.04389943182468414
11.52,15.49,3771.4,19.6,15.11,7.698,139.5,11.0,-0.7,0.0956,-1.0,11.0,17561.55859375,1.0,345.637451171875,87.49624633789062,-0.04389943182468414
11.54,15.49,3771.4,19.6,15.11,7.698,139.5,11.0,-0.7,0.0953,-1.0,11.0,17561.55859375,1.0,345.637451171875,87.49624633789062,-0.04389943182468414
11.56,15.49,3771.4,19.6,15.11,7.698,139.5,11.0,-0.7,0.0949,-1.0,11.0,17561.55859375,1.0,345.637451171875,87.49624633789062,-0.04389943182468414
11.59,15.49,3771.4,19.6,15.11,7.698,139.5,11.0,-0.7,0.0946,-1.0,11.0,17561.55859375,1.0,345.637451171875,87.49624633789062,-0.04389943182468414
11.61,15.49,3771.4,19.6,15.11,7.698,139.5,11.0,-0.7,0.0942,-1.0,11.0,17561.55859375,1.0,345.637451171875,87.49624633789062,-0.04389943182468414
11.64,15.49,3771.4,19.6,15.11,7.698,139.5,11.0,-0.7,0.0937,-1.0,11.0,17561.55859375,1.0,345.637451171875,87.49624633789062,-0.04389943182468414
11.66,15.49,3771.4,19.6,15.11,7.698,139.5,11.0,-0.7,0.0934,-1.0,11.0,17561.55859375,1.0,345.637451171875,87.49624633789062,-0.04389943182468414
11.68,15.49,3771.4,19.6,15.11,7.698,139.5,11.0,-0.7,0.093,-1.0,11.0,17561.55859375,1.0,345.637451171875,87.49624633789062,-0.04389943182468414
11.71,15.49,3771.4,19.6,15.11,7.698,139.5,11.0,-0.7,0.0927,-1.0,11.0,17561.55859375,1.0,345.637451171875,87.49624633789062,-0.04389943182468414
11.73,15.49,3771.4,19.6,15.11,7.698,139.5,11.0,-0.7,0.0923,-1.0,11.0,17561.55859375,1.0,345.637451171875,87.49624633789062,-0.04389943182468414
11.76,15.49,3771.4,19.6,15.11,7.698,139.5,11.0,-0.7,0.092,-1.0,11.0,17561.55859375,1.0,345.637451171875,87.49624633789062,-0.04389943182468414
11.78,15.49,3771.4,19.6,15.11,7.698,139.5,11.0,-0.7,0.0916,-1.0,11.0,17561.55859375,1.0,345.637451171875,87.49624633789062,-0.04389943182468414
11.8,15.49,3771.4,19.6,15.11,7.698,139.5,11.0,-0.7,0.0912,-1.0,11.0,17561.55859375,1.0,345.637451171875,87.49624633789062,-0.04389943182468414
11.82,15.49,3771.4,19.6,15.11,7.698,139.5,11.0,-0.7,0.0909,-1.0,11.0,17561.55859375,1.0,345.637451171875,87.49624633789062,-0.04389943182468414
11.85,15.49,3771.4,19.6,15.11,7.698,139.5,11.0,-0.7,0.0905,-1.0,11.0,17561.55859375,1.0,345.637451171875,87.49624633789062,-0.04389943182468414
11.87,15.49,3771.4,19.6,15.11,7.698,139.5,11.0,-0.7,0.0901,-1.0,11.0,17561.55859375,1.0,345.637451171875,87.49624633789062,-0.04389943182468414
11.9,15.49,3771.4,19.6,15.11,7.698,139.5,11.0,-0.7,0.0898,-1.0,11.0,17561.55859375,1.0,345.637451171875,87.49624633789062,-0.04389943182468414
11.92,15.49,3771.4,19.6,15.11,7.698,139.5,11.0,-0.7,0.0894,-1.0,11.0,17561.55859375,1.0,345.637451171875,87.49624633789062,-0.04389943182468414
11.94,15.49,3771.4,19.6,15.11,7.698,139.5,11.0,-0.7,0.0891,-1.0,11.0,17561.55859375,1.0,345.637451171875,87.49624633789062,-0.04389943182468414
11.96,15.49,3771.4,19.6,15.11,7.698,139.5,11.0,-0.7,0.0887,-1.0,11.0,17561.55859375,1.0,345.637451171875,87.49624633789062,-0.04389943182468414
11.99,15.49,3771.4,19.6,15.11,7.698,139.5,11.0,-0.7,0.0884,-1.0,11.0,17561.55859375,1.0,345.637451171875,87.49624633789062,-0.04389943182468414
12.01,15.49,3771.4,19.6,15.11,7.698,139.5,11.0,-0.7,0.088,-1.0,11.0,17561.55859375,1.0,345.637451171875,87.49624633789062,-0.04389943182468414
12.03,15.49,3771.4,19.6,15.11,7.698,139.5,11.0,-0.7,0.0877,-1.0,11.0,17561.55859375,1.0,345.637451171875,87.49624633789062,-0.04389943182468414
12.06,15.49,3771.4,19.6,15.11,7.698,139.5,11.0,-0.7,0.0873,-1.0,11.0,17561.55859375,1.0,345.637451171875,87.49624633789062,-0.04389943182468414
12.08,15.49,3771.4,19.6,15.11,7.698,139.5,11.0,-0.7,0.087,-1.0,11.0,17561.55859375,1.0,345.637451171875,87.49624633789062,-0.04389943182468414
12.1,15.49,3771.4,19.6,15.11,7.698,139.5,11.0,-0.7,0.0866,-1.0,11.0,17561.55859375,1.0,345.637451171875,87.49624633789062,-0.04389943182468414
12.13,15.49,3771.4,19.6,15.11,7.698,139.5,11.0,-0.7,0.0862,-1.0,11.0,17561.55859375,1.0,345.637451171875,87.49624633789062,-0.04389943182468414
12.15,15.49,3771.4,19.6,15.11,7.698,139.5,11.0,-0.7,0.0859,-1.0,11.0,17561.55859375,1.0,345.637451171875,87.49624633789062,-0.04389943182468414
12.17,15.49,3771.4,19.6,15.11,7.698,139.5,11.0,-0.7,0.0855,-1.0,11.0,17561.55859375,1.0,345.637451171875,87.49624633789062,-0.04389943182468414
12.2,15.49,3771.4,19.6,15.11,7.698,139.5,11.0,-0.7,0.0852,-1.0,11.0,17561.55859375,1.0,345.637451171875,87.49624633789062,-0.04389943182468414
12.22,15.49,3771.4,19.6,15.11,7.698,139.5,11.0,-0.7,0.0848,-1.0,11.0,17561.55859375,1.0,345.637451171875,87.49624633789062,-0.04389943182468414
12.24,15.49,3771.4,19.6,15.11,7.698,139.5,11.0,-0.7,0.0844,-1.0,11.0,17561.55859375,1.0,345.637451171875,87.49624633789062,-0.04389943182468414
12.27,15.49,3771.4,19.6,15.11,7.698,139.5,11.0,-0.7,0.0841,-1.0,11.0,17561.55859375,1.0,345.637451171875,87.49624633789062,-0.04389943182468414
12.29,15.49,3771.4,19.6,15.11,7.698,139.5,11.0,-0.7,0.0837,-1.0,11.0,17561.55859375,1.0,345.637451171875,87.49624633789062,-0.04389943182468414
12.31,15.49,3771.4,19.6,15.11,7.698,139.5,11.0,-0.7,0.0834,-1.0,11.0,17561.55859375,1.0,345.637451171875,87.49624633789062,-0.04389943182468414
12.34,15.49,3771.4,19.6,15.11,7.698,139.5,11.0,-0.7,0.083,-1.0,11.0,17561.55859375,1.0,345.637451171875,87.49624633789062,-0.04389943182468414
12.36,15.49,3771.4,19.6,15.11,7.698,139.5,11.0,-0.7,0.0826,-1.0,11.0,17561.55859375,1.0,345.637451171875,87.49624633789062,-0.04389943182468414
12.38,15.49,3771.4,19.6,15.11,7.698,139.5,11.0,-0.7,0.0823,-1.0,11.0,17561.55859375,1.0,345.637451171875,87.49624633789062,-0.04389943182468414
12.41,15.49,3771.4,19.6,15.11,7.698,139.5,11.0,-0.7,0.0819,-1.0,11.0,17561.55859375,1.0,345.637451171875,87.49624633789062,-0.04389943182468414
12.43,15.49,3771.4,19.6,15.11,7.698,139.5,11.0,-0.7,0.0816,-1.0,11.0,17561.55859375,1.0,345.637451171875,87.49624633789062,-0.04389943182468414
12.45,15.49,3771.4,19.6,15.11,7.698,139.5,11.0,-0.7,0.0812,-1.0,11.0,17561.55859375,1.0,345.637451171875,87.49624633789062,-0.04389943182468414
12.48,15.49,3771.4,19.6,15.11,7.698,139.5,11.0,-0.7,0.0808,-1.0,11.0,17561.55859375,1.0,345.637451171875,87.49624633789062,-0.04389943182468414
12.5,15.49,3771.4,19.6,15.11,7.698,139.5,11.0,-0.7,0.0805,-1.0,11.0,17561.55859375,1.0,345.637451171875,87.49624633789062,-0.04389943182468414
12.52,15.49,3771.4,19.6,15.11,7.698,139.5,11.0,-0.7,0.0801,-1.0,11.0,17561.55859375,1.0,345.637451171875,87.49624633789062,-0.04389943182468414
12.55,15.49,3771.4,19.6,15.11,7.698,139.5,11.0,-0.7,0.0797,-1.0,11.0,17561.55859375,1.0,345.637451171875,87.49624633789062,-0.04389943182468414
12.57,15.49,3771.4,19.6,15.11,7.698,139.5,11.0,-0.7,0.0793,-1.0,11.0,17561.55859375,1.0,345.637451171875,87.49624633789062,-0.04389943182468414
12.6,15.49,3771.4,19.6,15.11,7.698,139.5,11.0,-0.7,0.079,-1.0,11.0,17561.55859375,1.0,345.637451171875,87.49624633789062,-0.04389943182468414
12.62,15.49,3771.4,19.6,15.11,7.698,139.5,11.0,-0.7,0.0786,-1.0,11.0,17561.55859375,1.0,345.637451171875,87.49624633789062,-0.04389943182468414
12.65,15.49,3771.4,19.6,15.11,7.698,139.5,11.0,-0.7,0.0782,-1.0,11.0,17561.55859375,1.0,345.637451171875,87.49624633789062,-0.04389943182468414
12.67,15.49,3771.4,19.6,15.11,7.698,139.5,11.0,-0.7,0.0779,-1.0,11.0,17561.55859375,1.0,345.637451171875,87.49624633789062,-0.04389943182468414
12.7,15.49,3771.4,19.6,15.11,7.698,139.5,11.0,-0.7,0.0775,-1.0,11.0,17561.55859375,1.0,345.637451171875,87.49624633789062,-0.04389943182468414
12.72,15.49,3771.4,19.6,15.11,7.698,139.5,11.0,-0.7,0.0771,-1.0,11.0,17561.55859375,1.0,345.637451171875,87.49624633789062,-0.04389943182468414
12.74,15.49,3771.4,19.6,15.11,7.698,139.5,11.0,-0.7,0.0767,-1.0,11.0,17561.55859375,1.0,345.637451171875,87.49624633789062,-0.04389943182468414
12.77,15.49,3771.4,19.6,15.11,7.698,139.5,11.0,-0.7,0.0764,-1.0,11.0,17561.55859375,1.0,345.637451171875,87.49624633789062,-0.04389943182468414
12.79,15.49,3771.4,19.6,15.11,7.698,139.5,11.0,-0.7,0.076,-1.0,11.0,17561.55859375,1.0,345.637451171875,87.49624633789062,-0.04389943182468414
12.82,15.49,3771.4,19.6,15.11,7.698,139.5,11.0,-0.7,0.0756,-1.0,11.0,17561.55859375,1.0,345.637451171875,87.49624633789062,-0.04389943182468414
12.84,15.49,3771.4,19.6,15.11,7.698,139.5,11.0,-0.7,0.0753,-1.0,11.0,17561.55859375,1.0,345.637451171875,87.49624633789062,-0.04389943182468414
12.86,15.49,3771.4,19.6,15.11,7.698,139.5,11.0,-0.7,0.0749,-1.0,11.0,17561.55859375,1.0,345.637451171875,87.49624633789062,-0.04389943182468414
12.89,15.49,3771.4,19.6,15.11,7.698,139.5,11.0,-0.7,0.0745,-1.0,11.0,17561.55859375,1.0,345.637451171875,87.49624633789062,-0.04389943182468414
12.91,15.49,3771.4,19.6,15.11,7.698,139.5,11.0,-0.7,0.0742,-1.0,11.0,17561.55859375,1.0,345.637451171875,87.49624633789062,-0.04389943182468414
12.94,15.49,3771.4,19.6,15.11,7.698,139.5,11.0,-0.7,0.0738,-1.0,11.0,17561.55859375,1.0,345.637451171875,87.49624633789062,-0.04389943182468414
12.96,15.49,3771.4,19.6,15.11,7.698,139.5,11.0,-0.7,0.0734,-1.0,11.0,17561.55859375,1.0,345.637451171875,87.49624633789062,-0.04389943182468414
12.99,15.49,3771.4,19.6,15.11,7.698,139.5,11.0,-0.7,0.073,-1.0,11.0,17561.55859375,1.0,345.637451171875,87.49624633789062,-0.04389943182468414
13.01,15.49,3771.4,19.6,15.11,7.698,139.5,11.0,-0.7,0.0726,-1.0,11.0,17561.55859375,1.0,345.637451171875,87.49624633789062,-0.04389943182468414
13.04,15.49,3771.4,19.6,15.11,7.698,139.5,11.0,-0.7,0.0723,-1.0,11.0,17561.55859375,1.0,345.637451171875,87.49624633789062,-0.04389943182468414
13.06,15.49,3771.4,19.6,15.11,7.698,139.5,11.0,-0.7,0.0719,-1.0,11.0,17561.55859375,1.0,345.637451171875,87.49624633789062,-0.04389943182468414
13.08,15.49,3771.4,19.6,15.11,7.698,139.5,11.0,-0.7,0.0715,-1.0,11.0,17561.55859375,1.0,345.637451171875,87.49624633789062,-0.04389943182468414
13.11,15.49,3771.4,19.6,15.11,7.698,139.5,11.0,-0.7,0.0711,-1.0,11.0,17561.55859375,1.0,345.637451171875,87.49624633789062,-0.04389943182468414
13.13,15.49,3771.4,19.6,15.11,7.698,139.5,11.0,-0.7,0.0708,-1.0,11.0,17561.55859375,1.0,345.637451171875,87.49624633789062,-0.04389943182468414
13.16,15.49,3771.4,19.6,15.11,7.698,139.5,11.0,-0.7,0.0704,-1.0,11.0,17561.55859375,1.0,345.637451171875,87.49624633789062,-0.04389943182468414
13.18,15.49,3771.4,19.6,15.11,7.698,139.5,11.0,-0.7,0.07,-1.0,11.0,17561.55859375,1.0,345.637451171875,87.49624633789062,-0.04389943182468414
13.21,15.49,3771.4,19.6,15.11,7.698,139.5,11.0,-0.7,0.0696,-1.0,11.0,17561.55859375,1.0,345.637451171875,87.49624633789062,-0.04389943182468414
13.23,15.49,3771.4,19.6,15.11,7.698,139.5,11.0,-0.7,0.0693,-1.0,11.0,17561.55859375,1.0,345.637451171875,87.49624633789062,-0.04389943182468414
13.25,15.49,3771.4,19.6,15.11,7.698,139.5,11.0,-0.7,0.0689,-1.0,11.0,17561.55859375,1.0,345.637451171875,87.49624633789062,-0.04389943182468414
13.28,15.49,3771.4,19.6,15.11,7.698,139.5,11.0,-0.7,0.0685,-1.0,11.0,17561.55859375,1.0,345.637451171875,87.49624633789062,-0.04389943182468414
13.3,15.49,3771.4,19.6,15.11,7.698,139.5,11.0,-0.7,0.0682,-1.0,11.0,17561.55859375,1.0,345.637451171875,87.49624633789062,-0.04389943182468414
13.32,15.49,3771.4,19.6,15.11,7.698,139.5,11.0,-0.7,0.0678,-1.0,11.0,17561.55859375,1.0,345.637451171875,87.49624633789062,-0.04389943182468414
13.35,15.49,3771.4,19.6,15.11,7.698,139.5,11.0,-0.7,0.0674,-1.0,11.0,17561.55859375,1.0,345.637451171875,87.49624633789062,-0.04389943182468414
13.37,15.49,3771.4,19.6,15.11,7.698,139.5,11.0,-0.7,0.067,-1.0,11.0,17561.55859375,1.0,345.637451171875,87.49624633789062,-0.04389943182468414
13.4,15.49,3771.4,19.6,15.11,7.698,139.5,11.0,-0.7,0.0667,-1.0,11.0,17561.55859375,1.0,345.637451171875,87.49624633789062,-0.04389943182468414
13.42,15.49,3771.4,19.6,15.11,7.698,139.5,11.0,-0.7,0.0663,-1.0,11.0,17561.55859375,1.0,345.637451171875,87.49624633789062,-0.04389943182468414
13.45,15.49,3771.4,19.6,15.11,7.698,139.5,11.0,-0.7,0.0659,-1.0,11.0,17561.55859375,1.0,345.637451171875,87.49624633789062,-0.04389943182468414
13.47,15.49,3771.4,19.6,15.11,7.698,139.5,11.0,-0.7,0.0655,-1.0,11.0,17561.55859375,1.0,345.637451171875,87.49624633789062,-0.04389943182468414
13.49,15.49,3771.4,19.6,15.11,7.698,139.5,11.0,-0.7,0.0652,-1.0,11.0,17561.55859375,1.0,345.637451171875,87.49624633789062,-0.04389943182468414
13.52,15.49,3771.4,19.6,15.11,7.698,139.5,11.0,-0.7,0.0648,-1.0,11.0,17561.55859375,1.0,345.637451171875,87.49624633789062,-0.04389943182468414
13.54,15.49,3771.4,19.6,15.11,7.698,139.5,11.0,-0.7,0.0644,-1.0,11.0,17561.55859375,1.0,345.637451171875,87.49624633789062,-0.04389943182468414
13.57,15.49,3771.4,19.6,15.11,7.698,139.5,11.0,-0.7,0.0641,-1.0,11.0,17561.55859375,1.0,345.637451171875,87.49624633789062,-0.04389943182468414
13.59,15.49,3771.4,19.6,15.11,7.698,139.5,11.0,-0.7,0.0637,-1.0,11.0,17561.55859375,1.0,345.637451171875,87.49624633789062,-0.04389943182468414
13.62,15.49,3771.4,19.6,15.11,7.698,139.5,11.0,-0.7,0.0633,-1.0,11.0,17561.55859375,1.0,345.637451171875,87.49624633789062,-0.04389943182468414
13.64,15.49,3771.4,19.6,15.11,7.698,139.5,11.0,-0.7,0.0629,-1.0,11.0,17561.55859375,1.0,345.637451171875,87.49624633789062,-0.04389943182468414
13.66,15.49,3771.4,19.6,15.11,7.698,139.5,11.0,-0.7,0.0626,-1.0,11.0,17561.55859375,1.0,345.637451171875,87.49624633789062,-0.04389943182468414
13.69,15.49,3771.4,19.6,15.11,7.698,139.5,11.0,-0.7,0.0622,-1.0,11.0,17561.55859375,1.0,345.637451171875,87.49624633789062,-0.04389943182468414
13.71,15.49,3771.4,19.6,15.11,7.698,139.5,11.0,-0.7,0.0618,-1.0,11.0,17561.55859375,1.0,345.637451171875,87.49624633789062,-0.04389943182468414
13.74,15.49,3771.4,19.6,15.11,7.698,139.5,11.0,-0.7,0.0614,-1.0,11.0,17561.55859375,1.0,345.637451171875,87.49624633789062,-0.04389943182468414
13.77,15.49,3771.4,19.6,15.11,7.698,139.5,11.0,-0.7,0.061,-1.0,11.0,17561.55859375,1.0,345.637451171875,87.49624633789062,-0.04389943182468414
13.79,15.49,3771.4,19.6,15.11,7.698,139.5,11.0,-0.7,0.0606,-1.0,11.0,17561.55859375,1.0,345.637451171875,87.49624633789062,-0.04389943182468414
13.82,15.49,3771.4,19.6,15.11,7.698,139.5,11.0,-0.7,0.0602,-1.0,11.0,17561.55859375,1.0,345.637451171875,87.49624633789062,-0.04389943182468414
13.84,15.49,3771.4,19.6,15.11,7.698,139.5,11.0,-0.7,0.0598,-1.0,11.0,17561.55859375,1.0,345.637451171875,87.49624633789062,-0.04389943182468414
13.87,15.49,3771.4,19.6,15.11,7.698,139.5,11.0,-0.7,0.0594,-1.0,11.0,17561.55859375,1.0,345.637451171875,87.49624633789062,-0.04389943182468414
13.89,15.49,3771.4,19.6,15.11,7.698,139.5,11.0,-0.7,0.059,-1.0,11.0,17561.55859375,1.0,345.637451171875,87.49624633789062,-0.04389943182468414
13.92,15.49,3771.4,19.6,15.11,7.698,139.5,11.0,-0.7,0.0586,-1.0,11.0,17561.55859375,1.0,345.637451171875,87.49624633789062,-0.04389943182468414
13.95,15.49,3771.4,19.6,15.11,7.698,139.5,11.0,-0.7,0.0582,-1.0,11.0,17561.55859375,1.0,345.637451171875,87.49624633789062,-0.04389943182468414
13.97,15.49,3771.4,19.6,15.11,7.698,139.5,11.0,-0.7,0.0579,-1.0,11.0,17561.55859375,1.0,345.637451171875,87.49624633789062,-0.04389943182468414
13.99,15.49,3771.4,19.6,15.11,7.698,139.5,11.0,-0.7,0.0575,-1.0,11.0,17561.55859375,1.0,345.637451171875,87.49624633789062,-0.04389943182468414
14.02,15.49,3771.4,19.6,15.11,7.698,139.5,11.0,-0.7,0.0571,-1.0,11.0,17561.55859375,1.0,345.637451171875,87.49624633789062,-0.04389943182468414
14.04,15.49,3771.4,19.6,15.11,7.698,139.5,11.0,-0.7,0.0567,-1.0,11.0,17561.55859375,1.0,345.637451171875,87.49624633789062,-0.04389943182468414
14.09,15.49,3771.4,19.6,15.11,7.698,139.5,11.0,-0.7,0.056,-1.0,11.0,17561.55859375,1.0,345.637451171875,87.49624633789062,-0.04389943182468414
14.12,15.49,3771.4,19.6,15.11,7.698,139.5,11.0,-0.7,0.0555,-1.0,11.0,17561.55859375,1.0,345.637451171875,87.49624633789062,-0.04389943182468414
14.15,15.49,3771.4,19.6,15.11,7.698,139.5,11.0,-0.7,0.0551,-1.0,11.0,17561.55859375,1.0,345.637451171875,87.49624633789062,-0.04389943182468414
14.17,15.49,3771.4,19.6,15.11,7.698,139.5,11.0,-0.7,0.0547,-1.0,11.0,17561.55859375,1.0,345.637451171875,87.49624633789062,-0.04389943182468414
14.2,15.49,3771.4,19.6,15.11,7.698,139.5,11.0,-0.7,0.0543,-1.0,11.0,17561.55859375,1.0,345.637451171875,87.49624633789062,-0.04389943182468414
14.22,15.49,3771.4,19.6,15.11,7.698,139.5,11.0,-0.7,0.0539,-1.0,11.0,17561.55859375,1.0,345.637451171875,87.49624633789062,-0.04389943182468414
14.25,15.49,3771.4,19.6,15.11,7.698,139.5,11.0,-0.7,0.0535,-1.0,11.0,17561.55859375,1.0,345.637451171875,87.49624633789062,-0.04389943182468414
